labelled,target,group,domain,label1,label2,learn_set,test_set
TRUE,first,A,animal,kapsin,tantol,"[""animal/basic-dog/sub-dalmatian/1sub-dalmatian.jpg""]","[""animal/sup-animal-3.jpg"",""fruit/sup-fruit-4.jpg"",""animal/basic-dog/sub-dalmatian/sub-dalmatian-1.jpg"",""vehicle/sup-vehicle-3.jpg"",""animal/basic-dog/basic-dog-2.jpg"",""furniture/sup-furniture-3.jpg"",""light/sup-light-5.jpg"",""planet/sup-planet-1.jpg"",""electronics/sup-electronics-4.jpg"",""animal/sup-animal-2.jpg"",""animal/basic-dog/contrast-corgi/contrast-corgi-2.jpg"",""animal/basic-dog/contrast-corgi/contrast-corgi-1.jpg"",""animal/basic-dog/basic-dog-3.jpg"",""vegetable/sup-vegetable-4.jpg"",""beast/sup-beast-2.jpg"",""animal/basic-dog/basic-dog-1.jpg"",""animal/sup-animal-1.jpg"",""animal/basic-dog/sub-dalmatian/sub-dalmatian-2.jpg""]"
FALSE,second,A,beast,garlet,crittum,"[""beast/basic-dinosaur/sub-trex/1sub-trex.jpg""]","[""beast/sup-beast-2.jpg"",""planet/sup-planet-3.jpg"",""light/sup-light-5.jpg"",""furniture/sup-furniture-2.jpg"",""beast/basic-dinosaur/sub-trex/sub-trex-2.jpg"",""vehicle/sup-vehicle-1.jpg"",""fruit/sup-fruit-2.jpg"",""beast/basic-dinosaur/contrast-triceratops/contrast-triceratops-1.jpg"",""electronics/sup-electronics-3.jpg"",""animal/sup-animal-3.jpg"",""beast/basic-dinosaur/contrast-triceratops/contrast-triceratops-2.jpg"",""beast/basic-dinosaur/basic-dinosaur-2.jpg"",""beast/basic-dinosaur/basic-dinosaur-1.jpg"",""beast/sup-beast-3.jpg"",""beast/basic-dinosaur/basic-dinosaur-3.jpg"",""beast/basic-dinosaur/sub-trex/sub-trex-1.jpg"",""beast/sup-beast-1.jpg"",""vegetable/sup-vegetable-2.jpg""]"
TRUE,second,A,electronics,tazzai,pitten,"[""electronics/basic-phone/sub-smart_phone/1sub-smart_phone.jpg""]","[""electronics/sup-electronics-1.jpg"",""electronics/basic-phone/contrast-flip_phone/contrast-flip_phone-1.jpg"",""beast/sup-beast-3.jpg"",""light/sup-light-4.jpg"",""electronics/basic-phone/basic-phone-2.jpg"",""planet/sup-planet-2.jpg"",""electronics/sup-electronics-2.jpg"",""electronics/basic-phone/contrast-flip_phone/contrast-flip_phone-2.jpg"",""electronics/basic-phone/basic-phone-3.jpg"",""vehicle/sup-vehicle-3.jpg"",""fruit/sup-fruit-3.jpg"",""furniture/sup-furniture-1.jpg"",""electronics/basic-phone/sub-smart_phone/sub-smart_phone-2.jpg"",""animal/sup-animal-5.jpg"",""electronics/sup-electronics-3.jpg"",""electronics/basic-phone/sub-smart_phone/sub-smart_phone-1.jpg"",""electronics/basic-phone/basic-phone-1.jpg"",""vegetable/sup-vegetable-1.jpg""]"
FALSE,first,A,Filler-Color-red,gelder,NA,"[""Fillers/Color/red-rect.jpg""]","[""Fillers/Color/blue-rect.jpg"",""Fillers/Color/red-rect.jpg"",""Fillers/Color/green-rect.jpg"",""Fillers/Color/green-rect.jpg"",""Fillers/Color/red-rect.jpg"",""Fillers/Color/green-rect.jpg"",""Fillers/Color/green-rect.jpg"",""Fillers/Color/red-rect.jpg"",""Fillers/Color/blue-rect.jpg"",""Fillers/Color/blue-rect.jpg"",""Fillers/Color/green-rect.jpg"",""Fillers/Color/green-rect.jpg"",""Fillers/Color/red-rect.jpg"",""Fillers/Color/blue-rect.jpg"",""Fillers/Color/blue-rect.jpg"",""Fillers/Color/blue-rect.jpg"",""Fillers/Color/red-rect.jpg"",""Fillers/Color/red-rect.jpg""]"
FALSE,first,A,fruit,mipen,kalmick,"[""fruit/basic-apple/sub-red_apple/1sub-red_apple.jpg""]","[""fruit/basic-apple/contrast-green_apple/contrast-green_apple-2.jpg"",""fruit/sup-fruit-2.jpg"",""furniture/sup-furniture-3.jpg"",""fruit/basic-apple/sub-red_apple/sub-red_apple-1.jpg"",""fruit/basic-apple/basic-apple-1.jpg"",""electronics/sup-electronics-1.jpg"",""animal/sup-animal-5.jpg"",""fruit/basic-apple/sub-red_apple/sub-red_apple-2.jpg"",""fruit/basic-apple/basic-apple-2.jpg"",""vehicle/sup-vehicle-3.jpg"",""fruit/basic-apple/contrast-green_apple/contrast-green_apple-1.jpg"",""fruit/sup-fruit-3.jpg"",""light/sup-light-4.jpg"",""vegetable/sup-vegetable-1.jpg"",""fruit/basic-apple/basic-apple-3.jpg"",""fruit/sup-fruit-1.jpg"",""planet/sup-planet-5.jpg"",""beast/sup-beast-3.jpg""]"
TRUE,first,A,furniture,gavai,flippet,"[""furniture/basic-chair/sub-wooden-chair/1sub-wooden_chair.jpg""]","[""furniture/basic-chair/contrast-office_chair/contrast-office_chair-2.jpg"",""animal/sup-animal-4.jpg"",""furniture/basic-chair/sub-wooden-chair/sub-wooden_chair-2.jpg"",""light/sup-light-1.jpg"",""vegetable/sup-vegetable-3.jpg"",""furniture/basic-chair/basic-chair-3.jpg"",""furniture/sup-furniture-2.jpg"",""electronics/sup-electronics-5.jpg"",""fruit/sup-fruit-4.jpg"",""furniture/basic-chair/contrast-office_chair/contrast-office_chair-1.jpg"",""furniture/sup-furniture-1.jpg"",""planet/sup-planet-3.jpg"",""furniture/basic-chair/sub-wooden-chair/sub-wooden_chair-1.jpg"",""vehicle/sup-vehicle-4.jpg"",""beast/sup-beast-2.jpg"",""furniture/sup-furniture-3.jpg"",""furniture/basic-chair/basic-chair-2.jpg"",""furniture/basic-chair/basic-chair-1.jpg""]"
FALSE,second,A,light,belpid,spadil,"[""light/lamp/sub-gooseneck_lamp/1sub-gooseneck_lamp.jpg""]","[""vegetable/sup-vegetable-3.jpg"",""animal/sup-animal-5.jpg"",""vehicle/sup-vehicle-3.jpg"",""beast/sup-beast-5.jpg"",""furniture/sup-furniture-5.jpg"",""light/lamp/sub-gooseneck_lamp/sub-gooseneck_lamp-1.jpg"",""light/lamp/contrast-desk_lamp/contrast-desk_lamp-2.jpg"",""light/lamp/basic-lamp-3.jpg"",""planet/sup-planet-2.jpg"",""light/lamp/contrast-desk_lamp/contrast-desk_lamp-1.jpg"",""light/lamp/basic-lamp-1.jpg"",""light/sup-light-1.jpg"",""light/lamp/basic-lamp-2.jpg"",""light/sup-light-3.jpg"",""fruit/sup-fruit-3.jpg"",""light/sup-light-2.jpg"",""electronics/sup-electronics-2.jpg"",""light/lamp/sub-gooseneck_lamp/sub-gooseneck_lamp-2.jpg""]"
FALSE,first,A,Filler-Shape-triangle,panzet,NA,"[""Fillers/Shape/triangle.jpg""]","[""Fillers/Shape/lines-11.jpg"",""Fillers/Shape/lines-13.jpg"",""Fillers/Shape/triangle-5.jpg"",""Fillers/Shape/lines-5.jpg"",""Fillers/Shape/lines-3.jpg"",""Fillers/Shape/lines-2.jpg"",""Fillers/Shape/lines-9.jpg"",""Fillers/Shape/lines-8.jpg"",""Fillers/Shape/triangle-3.jpg"",""Fillers/Shape/triangle-2.jpg"",""Fillers/Shape/triangle-4.jpg"",""Fillers/Shape/lines-7.jpg"",""Fillers/Shape/lines-10.jpg"",""Fillers/Shape/lines-6.jpg"",""Fillers/Shape/lines-4.jpg"",""Fillers/Shape/lines-1.jpg"",""Fillers/Shape/triangle-1.jpg"",""Fillers/Shape/lines-12.jpg""]"
TRUE,second,A,vegetable,tuffee,blicket,"[""vegetable/basic-pepper/sub-green_pepper/1sub-green_pepper.jpg""]","[""vegetable/basic-pepper/sub-green_pepper/sub-green_pepper-1.jpg"",""vegetable/basic-pepper/contrast-red_pepper/contrast-red_pepper-1.jpg"",""light/sup-light-5.jpg"",""electronics/sup-electronics-3.jpg"",""vegetable/basic-pepper/contrast-red_pepper/contrast-red_pepper-2.jpg"",""vegetable/sup-vegetable-2.jpg"",""vegetable/basic-pepper/basic-pepper-1.jpg"",""vegetable/sup-vegetable-1.jpg"",""vegetable/basic-pepper/basic-pepper-2.jpg"",""vegetable/basic-pepper/sub-green_pepper/sub-green_pepper-2.jpg"",""planet/sup-planet-3.jpg"",""furniture/sup-furniture-1.jpg"",""vegetable/basic-pepper/basic-pepper-3.jpg"",""fruit/sup-fruit-3.jpg"",""vegetable/sup-vegetable-3.jpg"",""animal/sup-animal-5.jpg"",""beast/sup-beast-5.jpg"",""vehicle/sup-vehicle-1.jpg""]"
FALSE,first,A,vehicle,clazzo,dalkeet,"[""vehicle/basic-car/sub-racecar/1sub-racecar.jpg""]","[""vegetable/sup-vegetable-1.jpg"",""vehicle/sup-vehicle-2.jpg"",""vehicle/sup-vehicle-3.jpg"",""vehicle/basic-car/basic-car-3.jpg"",""vehicle/sup-vehicle-1.jpg"",""vehicle/basic-car/sub-racecar/sub-racecar-1.jpg"",""light/sup-light-5.jpg"",""vehicle/basic-car/sub-racecar/sub-racecar-2.jpg"",""vehicle/basic-car/basic-car-1.jpg"",""vehicle/basic-car/contrast-van/contrast-van-1.jpg"",""planet/sup-planet-3.jpg"",""fruit/sup-fruit-1.jpg"",""electronics/sup-electronics-3.jpg"",""animal/sup-animal-1.jpg"",""vehicle/basic-car/contrast-van/contrast-van-2.jpg"",""vehicle/basic-car/basic-car-2.jpg"",""furniture/sup-furniture-3.jpg"",""beast/sup-beast-3.jpg""]"
TRUE,second,B,animal,kapsin,tantol,"[""animal/basic-dog/sub-dalmatian/1sub-dalmatian.jpg""]","[""animal/sup-animal-3.jpg"",""animal/basic-dog/basic-dog-3.jpg"",""animal/basic-dog/contrast-corgi/contrast-corgi-1.jpg"",""animal/basic-dog/contrast-corgi/contrast-corgi-2.jpg"",""electronics/sup-electronics-3.jpg"",""animal/sup-animal-2.jpg"",""beast/sup-beast-4.jpg"",""animal/sup-animal-1.jpg"",""vehicle/sup-vehicle-4.jpg"",""animal/basic-dog/basic-dog-2.jpg"",""planet/sup-planet-4.jpg"",""animal/basic-dog/sub-dalmatian/sub-dalmatian-1.jpg"",""animal/basic-dog/basic-dog-1.jpg"",""furniture/sup-furniture-4.jpg"",""fruit/sup-fruit-4.jpg"",""animal/basic-dog/sub-dalmatian/sub-dalmatian-2.jpg"",""vegetable/sup-vegetable-2.jpg"",""light/sup-light-1.jpg""]"
FALSE,first,B,beast,garlet,crittum,"[""beast/basic-dinosaur/sub-trex/1sub-trex.jpg""]","[""electronics/sup-electronics-5.jpg"",""light/sup-light-4.jpg"",""beast/sup-beast-1.jpg"",""animal/sup-animal-5.jpg"",""beast/basic-dinosaur/contrast-triceratops/contrast-triceratops-2.jpg"",""beast/sup-beast-3.jpg"",""vehicle/sup-vehicle-1.jpg"",""fruit/sup-fruit-5.jpg"",""beast/basic-dinosaur/contrast-triceratops/contrast-triceratops-1.jpg"",""furniture/sup-furniture-4.jpg"",""planet/sup-planet-3.jpg"",""beast/basic-dinosaur/sub-trex/sub-trex-2.jpg"",""vegetable/sup-vegetable-2.jpg"",""beast/basic-dinosaur/basic-dinosaur-3.jpg"",""beast/basic-dinosaur/basic-dinosaur-1.jpg"",""beast/basic-dinosaur/basic-dinosaur-2.jpg"",""beast/basic-dinosaur/sub-trex/sub-trex-1.jpg"",""beast/sup-beast-2.jpg""]"
TRUE,first,B,electronics,tazzai,pitten,"[""electronics/basic-phone/sub-smart_phone/1sub-smart_phone.jpg""]","[""light/sup-light-5.jpg"",""electronics/basic-phone/basic-phone-3.jpg"",""electronics/basic-phone/basic-phone-2.jpg"",""planet/sup-planet-2.jpg"",""electronics/sup-electronics-1.jpg"",""electronics/basic-phone/sub-smart_phone/sub-smart_phone-1.jpg"",""electronics/basic-phone/contrast-flip_phone/contrast-flip_phone-1.jpg"",""electronics/basic-phone/sub-smart_phone/sub-smart_phone-2.jpg"",""furniture/sup-furniture-5.jpg"",""beast/sup-beast-1.jpg"",""electronics/basic-phone/contrast-flip_phone/contrast-flip_phone-2.jpg"",""vegetable/sup-vegetable-1.jpg"",""vehicle/sup-vehicle-3.jpg"",""electronics/basic-phone/basic-phone-1.jpg"",""fruit/sup-fruit-3.jpg"",""animal/sup-animal-1.jpg"",""electronics/sup-electronics-3.jpg"",""electronics/sup-electronics-2.jpg""]"
FALSE,first,B,Filler-Color-red,gelder,NA,"[""Fillers/Color/red-rect.jpg""]","[""Fillers/Color/blue-rect.jpg"",""Fillers/Color/red-rect.jpg"",""Fillers/Color/green-rect.jpg"",""Fillers/Color/green-rect.jpg"",""Fillers/Color/red-rect.jpg"",""Fillers/Color/green-rect.jpg"",""Fillers/Color/green-rect.jpg"",""Fillers/Color/red-rect.jpg"",""Fillers/Color/blue-rect.jpg"",""Fillers/Color/blue-rect.jpg"",""Fillers/Color/green-rect.jpg"",""Fillers/Color/green-rect.jpg"",""Fillers/Color/red-rect.jpg"",""Fillers/Color/blue-rect.jpg"",""Fillers/Color/blue-rect.jpg"",""Fillers/Color/blue-rect.jpg"",""Fillers/Color/red-rect.jpg"",""Fillers/Color/red-rect.jpg""]"
FALSE,second,B,fruit,mipen,kalmick,"[""fruit/basic-apple/sub-red_apple/1sub-red_apple.jpg""]","[""fruit/sup-fruit-3.jpg"",""fruit/basic-apple/sub-red_apple/sub-red_apple-1.jpg"",""fruit/basic-apple/basic-apple-1.jpg"",""vegetable/sup-vegetable-4.jpg"",""fruit/basic-apple/contrast-green_apple/contrast-green_apple-2.jpg"",""fruit/basic-apple/basic-apple-2.jpg"",""fruit/basic-apple/contrast-green_apple/contrast-green_apple-1.jpg"",""fruit/sup-fruit-1.jpg"",""furniture/sup-furniture-1.jpg"",""beast/sup-beast-1.jpg"",""electronics/sup-electronics-2.jpg"",""planet/sup-planet-4.jpg"",""fruit/basic-apple/basic-apple-3.jpg"",""vehicle/sup-vehicle-1.jpg"",""animal/sup-animal-4.jpg"",""light/sup-light-4.jpg"",""fruit/sup-fruit-2.jpg"",""fruit/basic-apple/sub-red_apple/sub-red_apple-2.jpg""]"
TRUE,second,B,furniture,gavai,flippet,"[""furniture/basic-chair/sub-wooden-chair/1sub-wooden_chair.jpg""]","[""animal/sup-animal-4.jpg"",""furniture/basic-chair/sub-wooden-chair/sub-wooden_chair-2.jpg"",""light/sup-light-4.jpg"",""fruit/sup-fruit-2.jpg"",""vehicle/sup-vehicle-2.jpg"",""furniture/sup-furniture-3.jpg"",""furniture/basic-chair/basic-chair-1.jpg"",""beast/sup-beast-1.jpg"",""furniture/basic-chair/contrast-office_chair/contrast-office_chair-2.jpg"",""furniture/basic-chair/sub-wooden-chair/sub-wooden_chair-1.jpg"",""planet/sup-planet-3.jpg"",""furniture/sup-furniture-1.jpg"",""furniture/basic-chair/basic-chair-2.jpg"",""furniture/basic-chair/contrast-office_chair/contrast-office_chair-1.jpg"",""furniture/sup-furniture-2.jpg"",""electronics/sup-electronics-3.jpg"",""furniture/basic-chair/basic-chair-3.jpg"",""vegetable/sup-vegetable-3.jpg""]"
FALSE,first,B,light,belpid,spadil,"[""light/lamp/sub-gooseneck_lamp/1sub-gooseneck_lamp.jpg""]","[""light/sup-light-3.jpg"",""light/lamp/basic-lamp-1.jpg"",""electronics/sup-electronics-3.jpg"",""light/lamp/sub-gooseneck_lamp/sub-gooseneck_lamp-1.jpg"",""fruit/sup-fruit-4.jpg"",""light/lamp/sub-gooseneck_lamp/sub-gooseneck_lamp-2.jpg"",""vehicle/sup-vehicle-1.jpg"",""vegetable/sup-vegetable-1.jpg"",""light/sup-light-1.jpg"",""light/lamp/contrast-desk_lamp/contrast-desk_lamp-1.jpg"",""animal/sup-animal-1.jpg"",""planet/sup-planet-5.jpg"",""furniture/sup-furniture-2.jpg"",""beast/sup-beast-1.jpg"",""light/lamp/contrast-desk_lamp/contrast-desk_lamp-2.jpg"",""light/sup-light-2.jpg"",""light/lamp/basic-lamp-3.jpg"",""light/lamp/basic-lamp-2.jpg""]"
FALSE,first,B,Filler-Shape-triangle,panzet,NA,"[""Fillers/Shape/triangle.jpg""]","[""Fillers/Shape/lines-11.jpg"",""Fillers/Shape/lines-13.jpg"",""Fillers/Shape/triangle-5.jpg"",""Fillers/Shape/lines-5.jpg"",""Fillers/Shape/lines-3.jpg"",""Fillers/Shape/lines-2.jpg"",""Fillers/Shape/lines-9.jpg"",""Fillers/Shape/lines-8.jpg"",""Fillers/Shape/triangle-3.jpg"",""Fillers/Shape/triangle-2.jpg"",""Fillers/Shape/triangle-4.jpg"",""Fillers/Shape/lines-7.jpg"",""Fillers/Shape/lines-10.jpg"",""Fillers/Shape/lines-6.jpg"",""Fillers/Shape/lines-4.jpg"",""Fillers/Shape/lines-1.jpg"",""Fillers/Shape/triangle-1.jpg"",""Fillers/Shape/lines-12.jpg""]"
TRUE,first,B,vegetable,tuffee,blicket,"[""vegetable/basic-pepper/sub-green_pepper/1sub-green_pepper.jpg""]","[""vegetable/basic-pepper/contrast-red_pepper/contrast-red_pepper-2.jpg"",""vegetable/basic-pepper/basic-pepper-1.jpg"",""vegetable/basic-pepper/contrast-red_pepper/contrast-red_pepper-1.jpg"",""light/sup-light-1.jpg"",""fruit/sup-fruit-3.jpg"",""vegetable/basic-pepper/basic-pepper-2.jpg"",""vehicle/sup-vehicle-4.jpg"",""vegetable/sup-vegetable-3.jpg"",""planet/sup-planet-4.jpg"",""vegetable/basic-pepper/sub-green_pepper/sub-green_pepper-2.jpg"",""vegetable/sup-vegetable-1.jpg"",""vegetable/sup-vegetable-2.jpg"",""vegetable/basic-pepper/sub-green_pepper/sub-green_pepper-1.jpg"",""animal/sup-animal-1.jpg"",""beast/sup-beast-4.jpg"",""furniture/sup-furniture-4.jpg"",""vegetable/basic-pepper/basic-pepper-3.jpg"",""electronics/sup-electronics-2.jpg""]"
FALSE,second,B,vehicle,clazzo,dalkeet,"[""vehicle/basic-car/sub-racecar/1sub-racecar.jpg""]","[""furniture/sup-furniture-2.jpg"",""electronics/sup-electronics-3.jpg"",""vehicle/sup-vehicle-1.jpg"",""vehicle/basic-car/sub-racecar/sub-racecar-2.jpg"",""vehicle/basic-car/basic-car-1.jpg"",""fruit/sup-fruit-1.jpg"",""vehicle/basic-car/basic-car-2.jpg"",""animal/sup-animal-1.jpg"",""vehicle/basic-car/contrast-van/contrast-van-2.jpg"",""vehicle/basic-car/contrast-van/contrast-van-1.jpg"",""planet/sup-planet-4.jpg"",""light/sup-light-3.jpg"",""vehicle/basic-car/sub-racecar/sub-racecar-1.jpg"",""vehicle/sup-vehicle-2.jpg"",""vehicle/basic-car/basic-car-3.jpg"",""vegetable/sup-vegetable-5.jpg"",""beast/sup-beast-4.jpg"",""vehicle/sup-vehicle-3.jpg""]"
FALSE,first,C,animal,kapsin,tantol,"[""animal/basic-dog/sub-dalmatian/1sub-dalmatian.jpg""]","[""animal/basic-dog/contrast-corgi/contrast-corgi-1.jpg"",""beast/sup-beast-1.jpg"",""planet/sup-planet-4.jpg"",""furniture/sup-furniture-4.jpg"",""animal/sup-animal-1.jpg"",""animal/sup-animal-3.jpg"",""animal/basic-dog/contrast-corgi/contrast-corgi-2.jpg"",""vehicle/sup-vehicle-5.jpg"",""animal/basic-dog/sub-dalmatian/sub-dalmatian-1.jpg"",""animal/basic-dog/basic-dog-1.jpg"",""vegetable/sup-vegetable-2.jpg"",""animal/basic-dog/basic-dog-2.jpg"",""electronics/sup-electronics-1.jpg"",""light/sup-light-1.jpg"",""animal/basic-dog/sub-dalmatian/sub-dalmatian-2.jpg"",""animal/basic-dog/basic-dog-3.jpg"",""animal/sup-animal-2.jpg"",""fruit/sup-fruit-5.jpg""]"
TRUE,second,C,beast,garlet,crittum,"[""beast/basic-dinosaur/sub-trex/1sub-trex.jpg""]","[""fruit/sup-fruit-3.jpg"",""light/sup-light-1.jpg"",""electronics/sup-electronics-5.jpg"",""beast/basic-dinosaur/basic-dinosaur-3.jpg"",""beast/sup-beast-1.jpg"",""beast/basic-dinosaur/contrast-triceratops/contrast-triceratops-2.jpg"",""vegetable/sup-vegetable-3.jpg"",""animal/sup-animal-3.jpg"",""planet/sup-planet-3.jpg"",""beast/basic-dinosaur/contrast-triceratops/contrast-triceratops-1.jpg"",""furniture/sup-furniture-2.jpg"",""beast/sup-beast-3.jpg"",""beast/basic-dinosaur/basic-dinosaur-2.jpg"",""beast/sup-beast-2.jpg"",""vehicle/sup-vehicle-4.jpg"",""beast/basic-dinosaur/basic-dinosaur-1.jpg"",""beast/basic-dinosaur/sub-trex/sub-trex-1.jpg"",""beast/basic-dinosaur/sub-trex/sub-trex-2.jpg""]"
FALSE,second,C,electronics,tazzai,pitten,"[""electronics/basic-phone/sub-smart_phone/1sub-smart_phone.jpg""]","[""planet/sup-planet-3.jpg"",""electronics/basic-phone/contrast-flip_phone/contrast-flip_phone-2.jpg"",""electronics/sup-electronics-1.jpg"",""electronics/basic-phone/sub-smart_phone/sub-smart_phone-1.jpg"",""electronics/sup-electronics-2.jpg"",""electronics/basic-phone/sub-smart_phone/sub-smart_phone-2.jpg"",""vehicle/sup-vehicle-1.jpg"",""light/sup-light-5.jpg"",""electronics/sup-electronics-3.jpg"",""electronics/basic-phone/basic-phone-2.jpg"",""electronics/basic-phone/contrast-flip_phone/contrast-flip_phone-1.jpg"",""electronics/basic-phone/basic-phone-3.jpg"",""animal/sup-animal-1.jpg"",""beast/sup-beast-1.jpg"",""fruit/sup-fruit-5.jpg"",""electronics/basic-phone/basic-phone-1.jpg"",""vegetable/sup-vegetable-5.jpg"",""furniture/sup-furniture-1.jpg""]"
FALSE,first,C,Filler-Color-red,gelder,NA,"[""Fillers/Color/red-rect.jpg""]","[""Fillers/Color/blue-rect.jpg"",""Fillers/Color/red-rect.jpg"",""Fillers/Color/green-rect.jpg"",""Fillers/Color/green-rect.jpg"",""Fillers/Color/red-rect.jpg"",""Fillers/Color/green-rect.jpg"",""Fillers/Color/green-rect.jpg"",""Fillers/Color/red-rect.jpg"",""Fillers/Color/blue-rect.jpg"",""Fillers/Color/blue-rect.jpg"",""Fillers/Color/green-rect.jpg"",""Fillers/Color/green-rect.jpg"",""Fillers/Color/red-rect.jpg"",""Fillers/Color/blue-rect.jpg"",""Fillers/Color/blue-rect.jpg"",""Fillers/Color/blue-rect.jpg"",""Fillers/Color/red-rect.jpg"",""Fillers/Color/red-rect.jpg""]"
TRUE,first,C,fruit,mipen,kalmick,"[""fruit/basic-apple/sub-red_apple/1sub-red_apple.jpg""]","[""fruit/basic-apple/contrast-green_apple/contrast-green_apple-2.jpg"",""fruit/basic-apple/basic-apple-2.jpg"",""planet/sup-planet-2.jpg"",""vegetable/sup-vegetable-1.jpg"",""animal/sup-animal-3.jpg"",""vehicle/sup-vehicle-3.jpg"",""electronics/sup-electronics-1.jpg"",""fruit/basic-apple/contrast-green_apple/contrast-green_apple-1.jpg"",""fruit/sup-fruit-2.jpg"",""furniture/sup-furniture-3.jpg"",""light/sup-light-5.jpg"",""fruit/basic-apple/basic-apple-1.jpg"",""fruit/sup-fruit-1.jpg"",""fruit/basic-apple/sub-red_apple/sub-red_apple-2.jpg"",""fruit/basic-apple/basic-apple-3.jpg"",""beast/sup-beast-5.jpg"",""fruit/basic-apple/sub-red_apple/sub-red_apple-1.jpg"",""fruit/sup-fruit-3.jpg""]"
FALSE,first,C,furniture,gavai,flippet,"[""furniture/basic-chair/sub-wooden-chair/1sub-wooden_chair.jpg""]","[""furniture/basic-chair/contrast-office_chair/contrast-office_chair-1.jpg"",""furniture/sup-furniture-2.jpg"",""vehicle/sup-vehicle-1.jpg"",""furniture/basic-chair/contrast-office_chair/contrast-office_chair-2.jpg"",""fruit/sup-fruit-1.jpg"",""furniture/basic-chair/basic-chair-1.jpg"",""planet/sup-planet-1.jpg"",""beast/sup-beast-4.jpg"",""animal/sup-animal-1.jpg"",""furniture/basic-chair/sub-wooden-chair/sub-wooden_chair-1.jpg"",""furniture/basic-chair/sub-wooden-chair/sub-wooden_chair-2.jpg"",""electronics/sup-electronics-1.jpg"",""furniture/basic-chair/basic-chair-3.jpg"",""furniture/basic-chair/basic-chair-2.jpg"",""vegetable/sup-vegetable-5.jpg"",""light/sup-light-5.jpg"",""furniture/sup-furniture-3.jpg"",""furniture/sup-furniture-1.jpg""]"
TRUE,second,C,light,belpid,spadil,"[""light/lamp/sub-gooseneck_lamp/1sub-gooseneck_lamp.jpg""]","[""furniture/sup-furniture-3.jpg"",""beast/sup-beast-1.jpg"",""light/lamp/sub-gooseneck_lamp/sub-gooseneck_lamp-2.jpg"",""light/lamp/contrast-desk_lamp/contrast-desk_lamp-1.jpg"",""light/sup-light-3.jpg"",""light/sup-light-2.jpg"",""vehicle/sup-vehicle-5.jpg"",""vegetable/sup-vegetable-5.jpg"",""light/sup-light-1.jpg"",""light/lamp/basic-lamp-2.jpg"",""light/lamp/basic-lamp-1.jpg"",""fruit/sup-fruit-4.jpg"",""planet/sup-planet-2.jpg"",""light/lamp/sub-gooseneck_lamp/sub-gooseneck_lamp-1.jpg"",""light/lamp/basic-lamp-3.jpg"",""light/lamp/contrast-desk_lamp/contrast-desk_lamp-2.jpg"",""animal/sup-animal-2.jpg"",""electronics/sup-electronics-3.jpg""]"
FALSE,first,C,Filler-Shape-triangle,panzet,NA,"[""Fillers/Shape/triangle.jpg""]","[""Fillers/Shape/lines-11.jpg"",""Fillers/Shape/lines-13.jpg"",""Fillers/Shape/triangle-5.jpg"",""Fillers/Shape/lines-5.jpg"",""Fillers/Shape/lines-3.jpg"",""Fillers/Shape/lines-2.jpg"",""Fillers/Shape/lines-9.jpg"",""Fillers/Shape/lines-8.jpg"",""Fillers/Shape/triangle-3.jpg"",""Fillers/Shape/triangle-2.jpg"",""Fillers/Shape/triangle-4.jpg"",""Fillers/Shape/lines-7.jpg"",""Fillers/Shape/lines-10.jpg"",""Fillers/Shape/lines-6.jpg"",""Fillers/Shape/lines-4.jpg"",""Fillers/Shape/lines-1.jpg"",""Fillers/Shape/triangle-1.jpg"",""Fillers/Shape/lines-12.jpg""]"
FALSE,second,C,vegetable,tuffee,blicket,"[""vegetable/basic-pepper/sub-green_pepper/1sub-green_pepper.jpg""]","[""vegetable/basic-pepper/sub-green_pepper/sub-green_pepper-2.jpg"",""planet/sup-planet-4.jpg"",""light/sup-light-2.jpg"",""vegetable/basic-pepper/contrast-red_pepper/contrast-red_pepper-2.jpg"",""vegetable/basic-pepper/basic-pepper-1.jpg"",""vegetable/sup-vegetable-1.jpg"",""vehicle/sup-vehicle-3.jpg"",""furniture/sup-furniture-5.jpg"",""vegetable/basic-pepper/basic-pepper-2.jpg"",""vegetable/sup-vegetable-3.jpg"",""vegetable/basic-pepper/basic-pepper-3.jpg"",""beast/sup-beast-3.jpg"",""animal/sup-animal-2.jpg"",""fruit/sup-fruit-4.jpg"",""electronics/sup-electronics-4.jpg"",""vegetable/basic-pepper/contrast-red_pepper/contrast-red_pepper-1.jpg"",""vegetable/basic-pepper/sub-green_pepper/sub-green_pepper-1.jpg"",""vegetable/sup-vegetable-2.jpg""]"
TRUE,first,C,vehicle,clazzo,dalkeet,"[""vehicle/basic-car/sub-racecar/1sub-racecar.jpg""]","[""vehicle/sup-vehicle-2.jpg"",""vehicle/basic-car/basic-car-3.jpg"",""animal/sup-animal-2.jpg"",""electronics/sup-electronics-2.jpg"",""vehicle/basic-car/basic-car-2.jpg"",""vehicle/basic-car/sub-racecar/sub-racecar-1.jpg"",""vehicle/sup-vehicle-3.jpg"",""vehicle/basic-car/contrast-van/contrast-van-1.jpg"",""furniture/sup-furniture-1.jpg"",""vehicle/sup-vehicle-1.jpg"",""vehicle/basic-car/contrast-van/contrast-van-2.jpg"",""beast/sup-beast-1.jpg"",""vegetable/sup-vegetable-1.jpg"",""vehicle/basic-car/basic-car-1.jpg"",""vehicle/basic-car/sub-racecar/sub-racecar-2.jpg"",""fruit/sup-fruit-2.jpg"",""light/sup-light-5.jpg"",""planet/sup-planet-1.jpg""]"
FALSE,second,D,animal,kapsin,tantol,"[""animal/basic-dog/sub-dalmatian/1sub-dalmatian.jpg""]","[""animal/basic-dog/sub-dalmatian/sub-dalmatian-2.jpg"",""vegetable/sup-vegetable-1.jpg"",""furniture/sup-furniture-2.jpg"",""animal/basic-dog/contrast-corgi/contrast-corgi-2.jpg"",""animal/basic-dog/contrast-corgi/contrast-corgi-1.jpg"",""electronics/sup-electronics-2.jpg"",""light/sup-light-4.jpg"",""fruit/sup-fruit-1.jpg"",""animal/sup-animal-3.jpg"",""animal/sup-animal-1.jpg"",""vehicle/sup-vehicle-5.jpg"",""animal/basic-dog/basic-dog-2.jpg"",""animal/basic-dog/sub-dalmatian/sub-dalmatian-1.jpg"",""animal/basic-dog/basic-dog-3.jpg"",""beast/sup-beast-4.jpg"",""animal/basic-dog/basic-dog-1.jpg"",""animal/sup-animal-2.jpg"",""planet/sup-planet-4.jpg""]"
TRUE,first,D,beast,garlet,crittum,"[""beast/basic-dinosaur/sub-trex/1sub-trex.jpg""]","[""beast/basic-dinosaur/contrast-triceratops/contrast-triceratops-2.jpg"",""beast/basic-dinosaur/basic-dinosaur-1.jpg"",""beast/basic-dinosaur/sub-trex/sub-trex-1.jpg"",""beast/sup-beast-2.jpg"",""vehicle/sup-vehicle-1.jpg"",""electronics/sup-electronics-4.jpg"",""beast/basic-dinosaur/basic-dinosaur-2.jpg"",""furniture/sup-furniture-3.jpg"",""fruit/sup-fruit-1.jpg"",""light/sup-light-2.jpg"",""animal/sup-animal-1.jpg"",""beast/basic-dinosaur/basic-dinosaur-3.jpg"",""beast/basic-dinosaur/sub-trex/sub-trex-2.jpg"",""planet/sup-planet-3.jpg"",""beast/sup-beast-3.jpg"",""vegetable/sup-vegetable-1.jpg"",""beast/sup-beast-1.jpg"",""beast/basic-dinosaur/contrast-triceratops/contrast-triceratops-1.jpg""]"
FALSE,first,D,electronics,tazzai,pitten,"[""electronics/basic-phone/sub-smart_phone/1sub-smart_phone.jpg""]","[""beast/sup-beast-5.jpg"",""vegetable/sup-vegetable-4.jpg"",""vehicle/sup-vehicle-4.jpg"",""electronics/sup-electronics-2.jpg"",""animal/sup-animal-4.jpg"",""electronics/sup-electronics-1.jpg"",""furniture/sup-furniture-3.jpg"",""electronics/basic-phone/sub-smart_phone/sub-smart_phone-1.jpg"",""electronics/basic-phone/basic-phone-1.jpg"",""electronics/basic-phone/basic-phone-2.jpg"",""planet/sup-planet-2.jpg"",""fruit/sup-fruit-1.jpg"",""light/sup-light-4.jpg"",""electronics/basic-phone/basic-phone-3.jpg"",""electronics/basic-phone/sub-smart_phone/sub-smart_phone-2.jpg"",""electronics/basic-phone/contrast-flip_phone/contrast-flip_phone-1.jpg"",""electronics/basic-phone/contrast-flip_phone/contrast-flip_phone-2.jpg"",""electronics/sup-electronics-3.jpg""]"
FALSE,first,D,Filler-Color-red,gelder,NA,"[""Fillers/Color/red-rect.jpg""]","[""Fillers/Color/blue-rect.jpg"",""Fillers/Color/red-rect.jpg"",""Fillers/Color/green-rect.jpg"",""Fillers/Color/green-rect.jpg"",""Fillers/Color/red-rect.jpg"",""Fillers/Color/green-rect.jpg"",""Fillers/Color/green-rect.jpg"",""Fillers/Color/red-rect.jpg"",""Fillers/Color/blue-rect.jpg"",""Fillers/Color/blue-rect.jpg"",""Fillers/Color/green-rect.jpg"",""Fillers/Color/green-rect.jpg"",""Fillers/Color/red-rect.jpg"",""Fillers/Color/blue-rect.jpg"",""Fillers/Color/blue-rect.jpg"",""Fillers/Color/blue-rect.jpg"",""Fillers/Color/red-rect.jpg"",""Fillers/Color/red-rect.jpg""]"
TRUE,second,D,fruit,mipen,kalmick,"[""fruit/basic-apple/sub-red_apple/1sub-red_apple.jpg""]","[""fruit/basic-apple/basic-apple-2.jpg"",""fruit/basic-apple/basic-apple-3.jpg"",""animal/sup-animal-2.jpg"",""fruit/basic-apple/contrast-green_apple/contrast-green_apple-1.jpg"",""beast/sup-beast-4.jpg"",""fruit/basic-apple/contrast-green_apple/contrast-green_apple-2.jpg"",""fruit/sup-fruit-3.jpg"",""furniture/sup-furniture-5.jpg"",""vegetable/sup-vegetable-3.jpg"",""light/sup-light-1.jpg"",""planet/sup-planet-2.jpg"",""electronics/sup-electronics-4.jpg"",""fruit/sup-fruit-2.jpg"",""fruit/sup-fruit-1.jpg"",""fruit/basic-apple/sub-red_apple/sub-red_apple-1.jpg"",""fruit/basic-apple/sub-red_apple/sub-red_apple-2.jpg"",""vehicle/sup-vehicle-3.jpg"",""fruit/basic-apple/basic-apple-1.jpg""]"
FALSE,second,D,furniture,gavai,flippet,"[""furniture/basic-chair/sub-wooden-chair/1sub-wooden_chair.jpg""]","[""furniture/sup-furniture-3.jpg"",""vehicle/sup-vehicle-5.jpg"",""planet/sup-planet-4.jpg"",""beast/sup-beast-1.jpg"",""fruit/sup-fruit-3.jpg"",""furniture/basic-chair/sub-wooden-chair/sub-wooden_chair-1.jpg"",""furniture/basic-chair/sub-wooden-chair/sub-wooden_chair-2.jpg"",""vegetable/sup-vegetable-5.jpg"",""furniture/basic-chair/basic-chair-2.jpg"",""furniture/basic-chair/basic-chair-1.jpg"",""furniture/sup-furniture-2.jpg"",""furniture/basic-chair/contrast-office_chair/contrast-office_chair-2.jpg"",""electronics/sup-electronics-4.jpg"",""light/sup-light-2.jpg"",""animal/sup-animal-4.jpg"",""furniture/sup-furniture-1.jpg"",""furniture/basic-chair/basic-chair-3.jpg"",""furniture/basic-chair/contrast-office_chair/contrast-office_chair-1.jpg""]"
TRUE,first,D,light,belpid,spadil,"[""light/lamp/sub-gooseneck_lamp/1sub-gooseneck_lamp.jpg""]","[""electronics/sup-electronics-5.jpg"",""light/sup-light-3.jpg"",""light/lamp/basic-lamp-2.jpg"",""light/lamp/sub-gooseneck_lamp/sub-gooseneck_lamp-2.jpg"",""planet/sup-planet-3.jpg"",""vegetable/sup-vegetable-2.jpg"",""light/lamp/contrast-desk_lamp/contrast-desk_lamp-2.jpg"",""vehicle/sup-vehicle-3.jpg"",""light/lamp/sub-gooseneck_lamp/sub-gooseneck_lamp-1.jpg"",""animal/sup-animal-3.jpg"",""beast/sup-beast-1.jpg"",""light/lamp/basic-lamp-1.jpg"",""light/sup-light-1.jpg"",""light/lamp/contrast-desk_lamp/contrast-desk_lamp-1.jpg"",""fruit/sup-fruit-2.jpg"",""light/lamp/basic-lamp-3.jpg"",""light/sup-light-2.jpg"",""furniture/sup-furniture-1.jpg""]"
FALSE,first,D,Filler-Shape-triangle,panzet,NA,"[""Fillers/Shape/triangle.jpg""]","[""Fillers/Shape/lines-11.jpg"",""Fillers/Shape/lines-13.jpg"",""Fillers/Shape/triangle-5.jpg"",""Fillers/Shape/lines-5.jpg"",""Fillers/Shape/lines-3.jpg"",""Fillers/Shape/lines-2.jpg"",""Fillers/Shape/lines-9.jpg"",""Fillers/Shape/lines-8.jpg"",""Fillers/Shape/triangle-3.jpg"",""Fillers/Shape/triangle-2.jpg"",""Fillers/Shape/triangle-4.jpg"",""Fillers/Shape/lines-7.jpg"",""Fillers/Shape/lines-10.jpg"",""Fillers/Shape/lines-6.jpg"",""Fillers/Shape/lines-4.jpg"",""Fillers/Shape/lines-1.jpg"",""Fillers/Shape/triangle-1.jpg"",""Fillers/Shape/lines-12.jpg""]"
FALSE,first,D,vegetable,tuffee,blicket,"[""vegetable/basic-pepper/sub-green_pepper/1sub-green_pepper.jpg""]","[""vegetable/sup-vegetable-2.jpg"",""animal/sup-animal-4.jpg"",""vegetable/sup-vegetable-1.jpg"",""vegetable/basic-pepper/sub-green_pepper/sub-green_pepper-1.jpg"",""vegetable/basic-pepper/contrast-red_pepper/contrast-red_pepper-2.jpg"",""vegetable/basic-pepper/basic-pepper-1.jpg"",""planet/sup-planet-4.jpg"",""vegetable/basic-pepper/basic-pepper-3.jpg"",""beast/sup-beast-5.jpg"",""fruit/sup-fruit-1.jpg"",""vehicle/sup-vehicle-2.jpg"",""vegetable/basic-pepper/sub-green_pepper/sub-green_pepper-2.jpg"",""vegetable/sup-vegetable-3.jpg"",""electronics/sup-electronics-4.jpg"",""light/sup-light-1.jpg"",""vegetable/basic-pepper/basic-pepper-2.jpg"",""furniture/sup-furniture-1.jpg"",""vegetable/basic-pepper/contrast-red_pepper/contrast-red_pepper-1.jpg""]"
TRUE,second,D,vehicle,clazzo,dalkeet,"[""vehicle/basic-car/sub-racecar/1sub-racecar.jpg""]","[""vegetable/sup-vegetable-1.jpg"",""vehicle/basic-car/sub-racecar/sub-racecar-2.jpg"",""fruit/sup-fruit-4.jpg"",""vehicle/sup-vehicle-2.jpg"",""beast/sup-beast-1.jpg"",""animal/sup-animal-1.jpg"",""furniture/sup-furniture-4.jpg"",""vehicle/basic-car/basic-car-3.jpg"",""vehicle/basic-car/basic-car-1.jpg"",""light/sup-light-4.jpg"",""vehicle/basic-car/contrast-van/contrast-van-2.jpg"",""vehicle/sup-vehicle-3.jpg"",""vehicle/basic-car/sub-racecar/sub-racecar-1.jpg"",""planet/sup-planet-2.jpg"",""electronics/sup-electronics-4.jpg"",""vehicle/basic-car/basic-car-2.jpg"",""vehicle/sup-vehicle-1.jpg"",""vehicle/basic-car/contrast-van/contrast-van-1.jpg""]"
