participant,img,selected,time,group,condition,item,trial,type
5ab45ca0d6e1938e5afea5031a0e8bb4,sub-dalmatian-2.jpg,TRUE,4483,D,contrast,animal,critical,sub
5ab45ca0d6e1938e5afea5031a0e8bb4,sub-dalmatian-1.jpg,TRUE,5355,D,contrast,animal,critical,sub
5ab45ca0d6e1938e5afea5031a0e8bb4,sub-trex-1.jpg,TRUE,2802,D,contrast,beast,critical,sub
5ab45ca0d6e1938e5afea5031a0e8bb4,sub-trex-2.jpg,TRUE,3969,D,contrast,beast,critical,sub
5ab45ca0d6e1938e5afea5031a0e8bb4,sub-smart_phone-2.jpg,TRUE,4055,D,single,electronics,critical,sub
5ab45ca0d6e1938e5afea5031a0e8bb4,sub-smart_phone-1.jpg,TRUE,4916,D,single,electronics,critical,sub
5ab45ca0d6e1938e5afea5031a0e8bb4,sub-red_apple-2.jpg,TRUE,1921,D,single,fruit,critical,sub
5ab45ca0d6e1938e5afea5031a0e8bb4,sub-red_apple-1.jpg,TRUE,2349,D,single,fruit,critical,sub
5ab45ca0d6e1938e5afea5031a0e8bb4,sub-wooden_chair-2.jpg,TRUE,2571,D,contrast,furniture,critical,sub
5ab45ca0d6e1938e5afea5031a0e8bb4,sub-wooden_chair-1.jpg,TRUE,3828,D,contrast,furniture,critical,sub
5ab45ca0d6e1938e5afea5031a0e8bb4,sub-gooseneck_lamp-2.jpg,TRUE,3202,D,contrast,light,critical,sub
5ab45ca0d6e1938e5afea5031a0e8bb4,sub-gooseneck_lamp-1.jpg,TRUE,3894,D,contrast,light,critical,sub
5ab45ca0d6e1938e5afea5031a0e8bb4,sub-green_pepper-1.jpg,TRUE,3019,D,single,vegetable,critical,sub
5ab45ca0d6e1938e5afea5031a0e8bb4,sub-green_pepper-2.jpg,TRUE,3646,D,single,vegetable,critical,sub
5ab45ca0d6e1938e5afea5031a0e8bb4,basic-pepper-2.jpg,TRUE,4525,D,single,vegetable,critical,basic
5ab45ca0d6e1938e5afea5031a0e8bb4,basic-pepper-3.jpg,TRUE,5274,D,single,vegetable,critical,basic
5ab45ca0d6e1938e5afea5031a0e8bb4,basic-pepper-3.jpg,FALSE,6024,D,single,vegetable,critical,basic
5ab45ca0d6e1938e5afea5031a0e8bb4,basic-pepper-2.jpg,FALSE,6620,D,single,vegetable,critical,basic
5ab45ca0d6e1938e5afea5031a0e8bb4,basic-pepper-2.jpg,TRUE,7611,D,single,vegetable,critical,basic
5ab45ca0d6e1938e5afea5031a0e8bb4,basic-pepper-3.jpg,TRUE,8233,D,single,vegetable,critical,basic
5ab45ca0d6e1938e5afea5031a0e8bb4,contrast-red_pepper-2.jpg,TRUE,8884,D,single,vegetable,critical,basic
5ab45ca0d6e1938e5afea5031a0e8bb4,sub-racecar-2.jpg,TRUE,2324,D,single,vehicle,critical,sub
5ab45ca0d6e1938e5afea5031a0e8bb4,sub-racecar-1.jpg,TRUE,3121,D,single,vehicle,critical,sub
b1c1994160b2cb0dd33663c00cb78cad,basic-dog-2.jpg,TRUE,4794,A,single,animal,critical,basic
b1c1994160b2cb0dd33663c00cb78cad,contrast-corgi-2.jpg,TRUE,5508,A,single,animal,critical,basic
b1c1994160b2cb0dd33663c00cb78cad,contrast-corgi-1.jpg,TRUE,6241,A,single,animal,critical,basic
b1c1994160b2cb0dd33663c00cb78cad,basic-dog-3.jpg,TRUE,8049,A,single,animal,critical,basic
b1c1994160b2cb0dd33663c00cb78cad,sub-dalmatian-1.jpg,TRUE,9116,A,single,animal,critical,sub
b1c1994160b2cb0dd33663c00cb78cad,basic-dog-1.jpg,TRUE,9967,A,single,animal,critical,basic
b1c1994160b2cb0dd33663c00cb78cad,sub-dalmatian-2.jpg,TRUE,11011,A,single,animal,critical,sub
b1c1994160b2cb0dd33663c00cb78cad,sub-trex-2.jpg,TRUE,2590,A,contrast,beast,critical,sub
b1c1994160b2cb0dd33663c00cb78cad,sub-trex-1.jpg,TRUE,6021,A,contrast,beast,critical,sub
b1c1994160b2cb0dd33663c00cb78cad,sub-smart_phone-2.jpg,TRUE,2941,A,single,electronics,critical,sub
b1c1994160b2cb0dd33663c00cb78cad,contrast-flip_phone-1.jpg,TRUE,5481,A,single,electronics,critical,basic
b1c1994160b2cb0dd33663c00cb78cad,contrast-flip_phone-2.jpg,TRUE,6508,A,single,electronics,critical,basic
b1c1994160b2cb0dd33663c00cb78cad,basic-phone-3.jpg,TRUE,8395,A,single,electronics,critical,basic
b1c1994160b2cb0dd33663c00cb78cad,sub-smart_phone-1.jpg,TRUE,9128,A,single,electronics,critical,sub
b1c1994160b2cb0dd33663c00cb78cad,basic-phone-3.jpg,FALSE,11549,A,single,electronics,critical,basic
b1c1994160b2cb0dd33663c00cb78cad,contrast-green_apple-2.jpg,TRUE,4426,A,contrast,fruit,critical,contrast
b1c1994160b2cb0dd33663c00cb78cad,basic-apple-2.jpg,TRUE,5374,A,contrast,fruit,critical,basic
b1c1994160b2cb0dd33663c00cb78cad,contrast-green_apple-1.jpg,TRUE,6193,A,contrast,fruit,critical,contrast
b1c1994160b2cb0dd33663c00cb78cad,basic-apple-1.jpg,TRUE,9569,A,contrast,fruit,critical,basic
b1c1994160b2cb0dd33663c00cb78cad,sub-wooden_chair-2.jpg,TRUE,2366,A,single,furniture,critical,sub
b1c1994160b2cb0dd33663c00cb78cad,basic-chair-3.jpg,TRUE,3560,A,single,furniture,critical,basic
b1c1994160b2cb0dd33663c00cb78cad,contrast-office_chair-1.jpg,TRUE,4246,A,single,furniture,critical,basic
b1c1994160b2cb0dd33663c00cb78cad,contrast-office_chair-2.jpg,TRUE,5695,A,single,furniture,critical,basic
b1c1994160b2cb0dd33663c00cb78cad,sub-wooden_chair-1.jpg,TRUE,6458,A,single,furniture,critical,sub
b1c1994160b2cb0dd33663c00cb78cad,basic-chair-2.jpg,TRUE,7375,A,single,furniture,critical,basic
b1c1994160b2cb0dd33663c00cb78cad,basic-chair-1.jpg,TRUE,8123,A,single,furniture,critical,basic
b1c1994160b2cb0dd33663c00cb78cad,sub-gooseneck_lamp-2.jpg,TRUE,3093,A,contrast,light,critical,sub
b1c1994160b2cb0dd33663c00cb78cad,sub-gooseneck_lamp-1.jpg,TRUE,4216,A,contrast,light,critical,sub
b1c1994160b2cb0dd33663c00cb78cad,sub-green_pepper-1.jpg,TRUE,2178,A,single,vegetable,critical,sub
b1c1994160b2cb0dd33663c00cb78cad,basic-pepper-1.jpg,TRUE,2719,A,single,vegetable,critical,basic
b1c1994160b2cb0dd33663c00cb78cad,basic-pepper-3.jpg,TRUE,3229,A,single,vegetable,critical,basic
b1c1994160b2cb0dd33663c00cb78cad,basic-pepper-2.jpg,TRUE,3993,A,single,vegetable,critical,basic
b1c1994160b2cb0dd33663c00cb78cad,sub-green_pepper-2.jpg,TRUE,4566,A,single,vegetable,critical,sub
b1c1994160b2cb0dd33663c00cb78cad,contrast-red_pepper-2.jpg,TRUE,5243,A,single,vegetable,critical,basic
b1c1994160b2cb0dd33663c00cb78cad,contrast-red_pepper-1.jpg,TRUE,8691,A,single,vegetable,critical,basic
b1c1994160b2cb0dd33663c00cb78cad,sub-racecar-2.jpg,TRUE,3242,A,contrast,vehicle,critical,sub
b1c1994160b2cb0dd33663c00cb78cad,basic-car-1.jpg,TRUE,4644,A,contrast,vehicle,critical,basic
b1c1994160b2cb0dd33663c00cb78cad,basic-car-2.jpg,TRUE,5560,A,contrast,vehicle,critical,basic
b1c1994160b2cb0dd33663c00cb78cad,sub-racecar-1.jpg,TRUE,7399,A,contrast,vehicle,critical,sub
b1c1994160b2cb0dd33663c00cb78cad,basic-car-3.jpg,TRUE,8307,A,contrast,vehicle,critical,basic
33e9b6e30588abb3e2f4491fdc571e8c,contrast-corgi-2.jpg,TRUE,2152,B,contrast,animal,critical,contrast
33e9b6e30588abb3e2f4491fdc571e8c,sub-dalmatian-2.jpg,TRUE,4759,B,contrast,animal,critical,sub
33e9b6e30588abb3e2f4491fdc571e8c,basic-dinosaur-3.jpg,TRUE,10417,B,single,beast,critical,basic
33e9b6e30588abb3e2f4491fdc571e8c,contrast-triceratops-1.jpg,TRUE,10947,B,single,beast,critical,basic
33e9b6e30588abb3e2f4491fdc571e8c,basic-dinosaur-1.jpg,TRUE,11397,B,single,beast,critical,basic
33e9b6e30588abb3e2f4491fdc571e8c,basic-dinosaur-2.jpg,TRUE,11879,B,single,beast,critical,basic
33e9b6e30588abb3e2f4491fdc571e8c,sub-trex-1.jpg,TRUE,12369,B,single,beast,critical,sub
33e9b6e30588abb3e2f4491fdc571e8c,sub-trex-2.jpg,TRUE,13531,B,single,beast,critical,sub
33e9b6e30588abb3e2f4491fdc571e8c,contrast-triceratops-2.jpg,TRUE,14651,B,single,beast,critical,basic
33e9b6e30588abb3e2f4491fdc571e8c,contrast-flip_phone-1.jpg,TRUE,2864,B,contrast,electronics,critical,contrast
33e9b6e30588abb3e2f4491fdc571e8c,sub-smart_phone-2.jpg,TRUE,3919,B,contrast,electronics,critical,sub
33e9b6e30588abb3e2f4491fdc571e8c,contrast-flip_phone-2.jpg,TRUE,4818,B,contrast,electronics,critical,contrast
33e9b6e30588abb3e2f4491fdc571e8c,sub-smart_phone-1.jpg,TRUE,5677,B,contrast,electronics,critical,sub
33e9b6e30588abb3e2f4491fdc571e8c,sub-red_apple-2.jpg,TRUE,1947,B,single,fruit,critical,sub
33e9b6e30588abb3e2f4491fdc571e8c,sub-red_apple-1.jpg,TRUE,3035,B,single,fruit,critical,sub
33e9b6e30588abb3e2f4491fdc571e8c,basic-apple-1.jpg,TRUE,4965,B,single,fruit,critical,basic
33e9b6e30588abb3e2f4491fdc571e8c,contrast-green_apple-1.jpg,TRUE,5636,B,single,fruit,critical,basic
33e9b6e30588abb3e2f4491fdc571e8c,basic-apple-2.jpg,TRUE,6961,B,single,fruit,critical,basic
33e9b6e30588abb3e2f4491fdc571e8c,contrast-green_apple-2.jpg,TRUE,7517,B,single,fruit,critical,basic
33e9b6e30588abb3e2f4491fdc571e8c,sub-wooden_chair-2.jpg,TRUE,1611,B,contrast,furniture,critical,sub
33e9b6e30588abb3e2f4491fdc571e8c,contrast-office_chair-1.jpg,TRUE,2429,B,contrast,furniture,critical,contrast
33e9b6e30588abb3e2f4491fdc571e8c,basic-chair-3.jpg,TRUE,3582,B,contrast,furniture,critical,basic
33e9b6e30588abb3e2f4491fdc571e8c,sub-wooden_chair-1.jpg,TRUE,4474,B,contrast,furniture,critical,sub
33e9b6e30588abb3e2f4491fdc571e8c,contrast-office_chair-2.jpg,TRUE,5054,B,contrast,furniture,critical,contrast
33e9b6e30588abb3e2f4491fdc571e8c,basic-chair-3.jpg,FALSE,8956,B,contrast,furniture,critical,basic
33e9b6e30588abb3e2f4491fdc571e8c,basic-lamp-1.jpg,TRUE,5488,B,single,light,critical,basic
33e9b6e30588abb3e2f4491fdc571e8c,contrast-desk_lamp-2.jpg,TRUE,6453,B,single,light,critical,basic
33e9b6e30588abb3e2f4491fdc571e8c,basic-lamp-1.jpg,FALSE,7059,B,single,light,critical,basic
33e9b6e30588abb3e2f4491fdc571e8c,sub-gooseneck_lamp-1.jpg,TRUE,7999,B,single,light,critical,sub
33e9b6e30588abb3e2f4491fdc571e8c,contrast-desk_lamp-1.jpg,TRUE,8432,B,single,light,critical,basic
33e9b6e30588abb3e2f4491fdc571e8c,sub-gooseneck_lamp-2.jpg,TRUE,9079,B,single,light,critical,sub
33e9b6e30588abb3e2f4491fdc571e8c,sub-green_pepper-1.jpg,TRUE,1471,B,contrast,vegetable,critical,sub
33e9b6e30588abb3e2f4491fdc571e8c,contrast-red_pepper-2.jpg,TRUE,2126,B,contrast,vegetable,critical,contrast
33e9b6e30588abb3e2f4491fdc571e8c,basic-pepper-1.jpg,TRUE,2535,B,contrast,vegetable,critical,basic
33e9b6e30588abb3e2f4491fdc571e8c,contrast-red_pepper-1.jpg,TRUE,2968,B,contrast,vegetable,critical,contrast
33e9b6e30588abb3e2f4491fdc571e8c,sub-green_pepper-2.jpg,TRUE,3550,B,contrast,vegetable,critical,sub
33e9b6e30588abb3e2f4491fdc571e8c,basic-pepper-3.jpg,TRUE,4089,B,contrast,vegetable,critical,basic
33e9b6e30588abb3e2f4491fdc571e8c,basic-pepper-2.jpg,TRUE,4743,B,contrast,vegetable,critical,basic
33e9b6e30588abb3e2f4491fdc571e8c,sub-racecar-2.jpg,TRUE,2065,B,single,vehicle,critical,sub
33e9b6e30588abb3e2f4491fdc571e8c,sub-racecar-1.jpg,TRUE,3685,B,single,vehicle,critical,sub
bfe4b7cc17e52de65731f6f1973d1695,sub-dalmatian-1.jpg,TRUE,3720,C,single,animal,critical,sub
bfe4b7cc17e52de65731f6f1973d1695,sub-dalmatian-2.jpg,TRUE,4651,C,single,animal,critical,sub
bfe4b7cc17e52de65731f6f1973d1695,contrast-corgi-2.jpg,TRUE,6055,C,single,animal,critical,basic
bfe4b7cc17e52de65731f6f1973d1695,contrast-corgi-1.jpg,TRUE,6703,C,single,animal,critical,basic
bfe4b7cc17e52de65731f6f1973d1695,basic-dog-2.jpg,TRUE,8779,C,single,animal,critical,basic
bfe4b7cc17e52de65731f6f1973d1695,basic-dog-3.jpg,TRUE,9650,C,single,animal,critical,basic
bfe4b7cc17e52de65731f6f1973d1695,contrast-triceratops-1.jpg,TRUE,1363,C,single,beast,critical,basic
bfe4b7cc17e52de65731f6f1973d1695,basic-dinosaur-3.jpg,TRUE,2047,C,single,beast,critical,basic
bfe4b7cc17e52de65731f6f1973d1695,sup-beast-1.jpg,TRUE,2885,C,single,beast,critical,sup
bfe4b7cc17e52de65731f6f1973d1695,sup-beast-1.jpg,FALSE,3829,C,single,beast,critical,sup
bfe4b7cc17e52de65731f6f1973d1695,contrast-triceratops-2.jpg,TRUE,4377,C,single,beast,critical,basic
bfe4b7cc17e52de65731f6f1973d1695,sub-trex-2.jpg,TRUE,5669,C,single,beast,critical,sub
bfe4b7cc17e52de65731f6f1973d1695,sub-trex-1.jpg,TRUE,6514,C,single,beast,critical,sub
bfe4b7cc17e52de65731f6f1973d1695,basic-dinosaur-1.jpg,TRUE,7355,C,single,beast,critical,basic
bfe4b7cc17e52de65731f6f1973d1695,sub-smart_phone-2.jpg,TRUE,3740,C,contrast,electronics,critical,sub
bfe4b7cc17e52de65731f6f1973d1695,sub-smart_phone-1.jpg,TRUE,4484,C,contrast,electronics,critical,sub
bfe4b7cc17e52de65731f6f1973d1695,sub-red_apple-1.jpg,TRUE,4243,C,contrast,fruit,critical,sub
bfe4b7cc17e52de65731f6f1973d1695,sub-red_apple-2.jpg,TRUE,5359,C,contrast,fruit,critical,sub
bfe4b7cc17e52de65731f6f1973d1695,sub-wooden_chair-1.jpg,TRUE,2225,C,single,furniture,critical,sub
bfe4b7cc17e52de65731f6f1973d1695,contrast-office_chair-2.jpg,TRUE,2777,C,single,furniture,critical,basic
bfe4b7cc17e52de65731f6f1973d1695,sub-wooden_chair-2.jpg,TRUE,3544,C,single,furniture,critical,sub
bfe4b7cc17e52de65731f6f1973d1695,basic-chair-3.jpg,TRUE,4739,C,single,furniture,critical,basic
bfe4b7cc17e52de65731f6f1973d1695,basic-chair-1.jpg,TRUE,7448,C,single,furniture,critical,basic
bfe4b7cc17e52de65731f6f1973d1695,sub-gooseneck_lamp-2.jpg,TRUE,7300,C,single,light,critical,sub
bfe4b7cc17e52de65731f6f1973d1695,sub-gooseneck_lamp-1.jpg,TRUE,8118,C,single,light,critical,sub
bfe4b7cc17e52de65731f6f1973d1695,sup-light-1.jpg,TRUE,9142,C,single,light,critical,sup
bfe4b7cc17e52de65731f6f1973d1695,basic-lamp-3.jpg,TRUE,9531,C,single,light,critical,basic
bfe4b7cc17e52de65731f6f1973d1695,contrast-desk_lamp-2.jpg,TRUE,10199,C,single,light,critical,basic
bfe4b7cc17e52de65731f6f1973d1695,basic-lamp-1.jpg,TRUE,12612,C,single,light,critical,basic
bfe4b7cc17e52de65731f6f1973d1695,sup-light-2.jpg,TRUE,13679,C,single,light,critical,sup
bfe4b7cc17e52de65731f6f1973d1695,sub-green_pepper-2.jpg,TRUE,2788,C,contrast,vegetable,critical,sub
bfe4b7cc17e52de65731f6f1973d1695,sub-green_pepper-1.jpg,TRUE,3546,C,contrast,vegetable,critical,sub
bfe4b7cc17e52de65731f6f1973d1695,contrast-van-2.jpg,TRUE,4533,C,contrast,vehicle,critical,contrast
bfe4b7cc17e52de65731f6f1973d1695,basic-car-1.jpg,TRUE,5253,C,contrast,vehicle,critical,basic
bfe4b7cc17e52de65731f6f1973d1695,contrast-van-1.jpg,TRUE,6343,C,contrast,vehicle,critical,contrast
52cebdff8c1e2433c2310be25bd03be3,sub-dalmatian-2.jpg,TRUE,2854,D,contrast,animal,critical,sub
52cebdff8c1e2433c2310be25bd03be3,sub-dalmatian-1.jpg,TRUE,4176,D,contrast,animal,critical,sub
52cebdff8c1e2433c2310be25bd03be3,sub-trex-1.jpg,TRUE,2879,D,contrast,beast,critical,sub
52cebdff8c1e2433c2310be25bd03be3,sub-trex-2.jpg,TRUE,5802,D,contrast,beast,critical,sub
52cebdff8c1e2433c2310be25bd03be3,sub-smart_phone-1.jpg,TRUE,2860,D,single,electronics,critical,sub
52cebdff8c1e2433c2310be25bd03be3,sub-smart_phone-2.jpg,TRUE,5026,D,single,electronics,critical,sub
52cebdff8c1e2433c2310be25bd03be3,basic-phone-3.jpg,TRUE,9407,D,single,electronics,critical,basic
52cebdff8c1e2433c2310be25bd03be3,basic-phone-3.jpg,FALSE,10194,D,single,electronics,critical,basic
52cebdff8c1e2433c2310be25bd03be3,contrast-flip_phone-1.jpg,TRUE,10808,D,single,electronics,critical,basic
52cebdff8c1e2433c2310be25bd03be3,contrast-flip_phone-2.jpg,TRUE,11226,D,single,electronics,critical,basic
52cebdff8c1e2433c2310be25bd03be3,sub-red_apple-1.jpg,TRUE,2545,D,single,fruit,critical,sub
52cebdff8c1e2433c2310be25bd03be3,sub-red_apple-2.jpg,TRUE,3065,D,single,fruit,critical,sub
52cebdff8c1e2433c2310be25bd03be3,contrast-green_apple-1.jpg,TRUE,3657,D,single,fruit,critical,basic
52cebdff8c1e2433c2310be25bd03be3,basic-apple-2.jpg,TRUE,4366,D,single,fruit,critical,basic
52cebdff8c1e2433c2310be25bd03be3,basic-apple-3.jpg,TRUE,5996,D,single,fruit,critical,basic
52cebdff8c1e2433c2310be25bd03be3,contrast-green_apple-2.jpg,TRUE,7201,D,single,fruit,critical,basic
52cebdff8c1e2433c2310be25bd03be3,basic-apple-1.jpg,TRUE,7745,D,single,fruit,critical,basic
52cebdff8c1e2433c2310be25bd03be3,sub-wooden_chair-2.jpg,TRUE,1994,D,contrast,furniture,critical,sub
52cebdff8c1e2433c2310be25bd03be3,sub-wooden_chair-1.jpg,TRUE,3364,D,contrast,furniture,critical,sub
52cebdff8c1e2433c2310be25bd03be3,basic-chair-3.jpg,TRUE,5759,D,contrast,furniture,critical,basic
52cebdff8c1e2433c2310be25bd03be3,sub-gooseneck_lamp-2.jpg,TRUE,2832,D,contrast,light,critical,sub
52cebdff8c1e2433c2310be25bd03be3,sub-gooseneck_lamp-1.jpg,TRUE,4132,D,contrast,light,critical,sub
52cebdff8c1e2433c2310be25bd03be3,sub-green_pepper-1.jpg,TRUE,1721,D,single,vegetable,critical,sub
52cebdff8c1e2433c2310be25bd03be3,basic-pepper-3.jpg,TRUE,2651,D,single,vegetable,critical,basic
52cebdff8c1e2433c2310be25bd03be3,basic-pepper-2.jpg,TRUE,3518,D,single,vegetable,critical,basic
52cebdff8c1e2433c2310be25bd03be3,sub-green_pepper-2.jpg,TRUE,4132,D,single,vegetable,critical,sub
52cebdff8c1e2433c2310be25bd03be3,contrast-red_pepper-1.jpg,TRUE,4549,D,single,vegetable,critical,basic
52cebdff8c1e2433c2310be25bd03be3,basic-pepper-1.jpg,TRUE,5038,D,single,vegetable,critical,basic
52cebdff8c1e2433c2310be25bd03be3,contrast-red_pepper-2.jpg,TRUE,5464,D,single,vegetable,critical,basic
52cebdff8c1e2433c2310be25bd03be3,sub-racecar-2.jpg,TRUE,1730,D,single,vehicle,critical,sub
52cebdff8c1e2433c2310be25bd03be3,sub-racecar-1.jpg,TRUE,4022,D,single,vehicle,critical,sub
7a4a69c7de10e01f2553b14568bcfdd9,sub-dalmatian-1.jpg,TRUE,2038,A,single,animal,critical,sub
7a4a69c7de10e01f2553b14568bcfdd9,basic-dog-2.jpg,TRUE,2917,A,single,animal,critical,basic
7a4a69c7de10e01f2553b14568bcfdd9,contrast-corgi-2.jpg,TRUE,3581,A,single,animal,critical,basic
7a4a69c7de10e01f2553b14568bcfdd9,contrast-corgi-1.jpg,TRUE,4260,A,single,animal,critical,basic
7a4a69c7de10e01f2553b14568bcfdd9,sub-dalmatian-2.jpg,TRUE,4844,A,single,animal,critical,sub
7a4a69c7de10e01f2553b14568bcfdd9,basic-dog-1.jpg,TRUE,5546,A,single,animal,critical,basic
7a4a69c7de10e01f2553b14568bcfdd9,basic-dog-3.jpg,TRUE,8207,A,single,animal,critical,basic
7a4a69c7de10e01f2553b14568bcfdd9,sub-trex-2.jpg,TRUE,3648,A,contrast,beast,critical,sub
7a4a69c7de10e01f2553b14568bcfdd9,basic-dinosaur-2.jpg,TRUE,4877,A,contrast,beast,critical,basic
7a4a69c7de10e01f2553b14568bcfdd9,basic-dinosaur-2.jpg,FALSE,5872,A,contrast,beast,critical,basic
7a4a69c7de10e01f2553b14568bcfdd9,sub-trex-1.jpg,TRUE,6478,A,contrast,beast,critical,sub
7a4a69c7de10e01f2553b14568bcfdd9,sub-smart_phone-2.jpg,TRUE,2734,A,single,electronics,critical,sub
7a4a69c7de10e01f2553b14568bcfdd9,contrast-flip_phone-2.jpg,TRUE,3341,A,single,electronics,critical,basic
7a4a69c7de10e01f2553b14568bcfdd9,contrast-flip_phone-1.jpg,TRUE,3834,A,single,electronics,critical,basic
7a4a69c7de10e01f2553b14568bcfdd9,sub-smart_phone-1.jpg,TRUE,4562,A,single,electronics,critical,sub
7a4a69c7de10e01f2553b14568bcfdd9,basic-phone-2.jpg,TRUE,5541,A,single,electronics,critical,basic
7a4a69c7de10e01f2553b14568bcfdd9,basic-phone-3.jpg,TRUE,7063,A,single,electronics,critical,basic
7a4a69c7de10e01f2553b14568bcfdd9,sub-red_apple-1.jpg,TRUE,1707,A,contrast,fruit,critical,sub
7a4a69c7de10e01f2553b14568bcfdd9,sub-red_apple-1.jpg,FALSE,2444,A,contrast,fruit,critical,sub
7a4a69c7de10e01f2553b14568bcfdd9,sub-red_apple-1.jpg,TRUE,2928,A,contrast,fruit,critical,sub
7a4a69c7de10e01f2553b14568bcfdd9,sub-red_apple-2.jpg,TRUE,3592,A,contrast,fruit,critical,sub
7a4a69c7de10e01f2553b14568bcfdd9,basic-apple-3.jpg,TRUE,4199,A,contrast,fruit,critical,basic
7a4a69c7de10e01f2553b14568bcfdd9,basic-apple-3.jpg,FALSE,7177,A,contrast,fruit,critical,basic
7a4a69c7de10e01f2553b14568bcfdd9,sub-wooden_chair-2.jpg,TRUE,1563,A,single,furniture,critical,sub
7a4a69c7de10e01f2553b14568bcfdd9,contrast-office_chair-2.jpg,TRUE,3139,A,single,furniture,critical,basic
7a4a69c7de10e01f2553b14568bcfdd9,contrast-office_chair-1.jpg,TRUE,4077,A,single,furniture,critical,basic
7a4a69c7de10e01f2553b14568bcfdd9,basic-chair-3.jpg,TRUE,4860,A,single,furniture,critical,basic
7a4a69c7de10e01f2553b14568bcfdd9,basic-chair-1.jpg,TRUE,5662,A,single,furniture,critical,basic
7a4a69c7de10e01f2553b14568bcfdd9,sub-wooden_chair-1.jpg,TRUE,6950,A,single,furniture,critical,sub
7a4a69c7de10e01f2553b14568bcfdd9,sub-gooseneck_lamp-2.jpg,TRUE,2985,A,contrast,light,critical,sub
7a4a69c7de10e01f2553b14568bcfdd9,sub-gooseneck_lamp-1.jpg,TRUE,3916,A,contrast,light,critical,sub
7a4a69c7de10e01f2553b14568bcfdd9,sub-green_pepper-2.jpg,TRUE,1443,A,single,vegetable,critical,sub
7a4a69c7de10e01f2553b14568bcfdd9,sub-green_pepper-1.jpg,TRUE,2040,A,single,vegetable,critical,sub
7a4a69c7de10e01f2553b14568bcfdd9,basic-pepper-2.jpg,TRUE,4880,A,single,vegetable,critical,basic
7a4a69c7de10e01f2553b14568bcfdd9,basic-pepper-3.jpg,TRUE,5544,A,single,vegetable,critical,basic
7a4a69c7de10e01f2553b14568bcfdd9,basic-pepper-1.jpg,TRUE,5973,A,single,vegetable,critical,basic
7a4a69c7de10e01f2553b14568bcfdd9,contrast-red_pepper-2.jpg,TRUE,7129,A,single,vegetable,critical,basic
7a4a69c7de10e01f2553b14568bcfdd9,sub-racecar-1.jpg,TRUE,3939,A,contrast,vehicle,critical,sub
7a4a69c7de10e01f2553b14568bcfdd9,sub-racecar-2.jpg,TRUE,4925,A,contrast,vehicle,critical,sub
3d2a5ad1bdad0baf052031ad096a77a8,contrast-corgi-2.jpg,TRUE,4574,B,contrast,animal,critical,contrast
3d2a5ad1bdad0baf052031ad096a77a8,basic-dog-2.jpg,TRUE,5795,B,contrast,animal,critical,basic
3d2a5ad1bdad0baf052031ad096a77a8,contrast-corgi-1.jpg,TRUE,11880,B,contrast,animal,critical,contrast
3d2a5ad1bdad0baf052031ad096a77a8,sub-trex-2.jpg,TRUE,2342,B,single,beast,critical,sub
3d2a5ad1bdad0baf052031ad096a77a8,sub-trex-1.jpg,TRUE,3256,B,single,beast,critical,sub
3d2a5ad1bdad0baf052031ad096a77a8,basic-dinosaur-3.jpg,TRUE,4128,B,single,beast,critical,basic
3d2a5ad1bdad0baf052031ad096a77a8,basic-dinosaur-1.jpg,TRUE,4657,B,single,beast,critical,basic
3d2a5ad1bdad0baf052031ad096a77a8,basic-dinosaur-2.jpg,TRUE,5224,B,single,beast,critical,basic
3d2a5ad1bdad0baf052031ad096a77a8,contrast-triceratops-2.jpg,TRUE,6420,B,single,beast,critical,basic
3d2a5ad1bdad0baf052031ad096a77a8,sup-beast-1.jpg,TRUE,24424,B,single,beast,critical,sup
3d2a5ad1bdad0baf052031ad096a77a8,contrast-triceratops-1.jpg,TRUE,28470,B,single,beast,critical,basic
3d2a5ad1bdad0baf052031ad096a77a8,sub-smart_phone-2.jpg,TRUE,2937,B,contrast,electronics,critical,sub
3d2a5ad1bdad0baf052031ad096a77a8,sub-smart_phone-1.jpg,TRUE,4501,B,contrast,electronics,critical,sub
3d2a5ad1bdad0baf052031ad096a77a8,sub-red_apple-2.jpg,TRUE,2352,B,single,fruit,critical,sub
3d2a5ad1bdad0baf052031ad096a77a8,sub-red_apple-1.jpg,TRUE,3481,B,single,fruit,critical,sub
3d2a5ad1bdad0baf052031ad096a77a8,basic-apple-1.jpg,TRUE,4348,B,single,fruit,critical,basic
3d2a5ad1bdad0baf052031ad096a77a8,contrast-green_apple-2.jpg,TRUE,5085,B,single,fruit,critical,basic
3d2a5ad1bdad0baf052031ad096a77a8,basic-apple-2.jpg,TRUE,5665,B,single,fruit,critical,basic
3d2a5ad1bdad0baf052031ad096a77a8,contrast-green_apple-1.jpg,TRUE,7028,B,single,fruit,critical,basic
3d2a5ad1bdad0baf052031ad096a77a8,basic-apple-3.jpg,TRUE,8566,B,single,fruit,critical,basic
3d2a5ad1bdad0baf052031ad096a77a8,sub-wooden_chair-2.jpg,TRUE,3799,B,contrast,furniture,critical,sub
3d2a5ad1bdad0baf052031ad096a77a8,basic-chair-3.jpg,TRUE,5237,B,contrast,furniture,critical,basic
3d2a5ad1bdad0baf052031ad096a77a8,sub-wooden_chair-1.jpg,TRUE,7273,B,contrast,furniture,critical,sub
3d2a5ad1bdad0baf052031ad096a77a8,sub-gooseneck_lamp-1.jpg,TRUE,1914,B,single,light,critical,sub
3d2a5ad1bdad0baf052031ad096a77a8,sub-gooseneck_lamp-2.jpg,TRUE,2545,B,single,light,critical,sub
3d2a5ad1bdad0baf052031ad096a77a8,contrast-desk_lamp-1.jpg,TRUE,7601,B,single,light,critical,basic
3d2a5ad1bdad0baf052031ad096a77a8,contrast-desk_lamp-2.jpg,TRUE,8695,B,single,light,critical,basic
3d2a5ad1bdad0baf052031ad096a77a8,sub-green_pepper-2.jpg,TRUE,1912,B,contrast,vegetable,critical,sub
3d2a5ad1bdad0baf052031ad096a77a8,sub-green_pepper-1.jpg,TRUE,3357,B,contrast,vegetable,critical,sub
3d2a5ad1bdad0baf052031ad096a77a8,sub-racecar-2.jpg,TRUE,2375,B,single,vehicle,critical,sub
3d2a5ad1bdad0baf052031ad096a77a8,sub-racecar-1.jpg,TRUE,5050,B,single,vehicle,critical,sub
0eb0033fb8cfb99676422eda4fb283ce,basic-dog-2.jpg,TRUE,2551,C,single,animal,critical,basic
0eb0033fb8cfb99676422eda4fb283ce,sup-animal-3.jpg,TRUE,3284,C,single,animal,critical,sup
0eb0033fb8cfb99676422eda4fb283ce,basic-dog-3.jpg,TRUE,4794,C,single,animal,critical,basic
0eb0033fb8cfb99676422eda4fb283ce,basic-dog-1.jpg,TRUE,5337,C,single,animal,critical,basic
0eb0033fb8cfb99676422eda4fb283ce,sub-dalmatian-1.jpg,TRUE,5801,C,single,animal,critical,sub
0eb0033fb8cfb99676422eda4fb283ce,sub-dalmatian-2.jpg,TRUE,6303,C,single,animal,critical,sub
0eb0033fb8cfb99676422eda4fb283ce,contrast-corgi-2.jpg,TRUE,7413,C,single,animal,critical,basic
0eb0033fb8cfb99676422eda4fb283ce,contrast-corgi-1.jpg,TRUE,8045,C,single,animal,critical,basic
0eb0033fb8cfb99676422eda4fb283ce,basic-dinosaur-3.jpg,TRUE,1390,C,single,beast,critical,basic
0eb0033fb8cfb99676422eda4fb283ce,contrast-triceratops-1.jpg,TRUE,2604,C,single,beast,critical,basic
0eb0033fb8cfb99676422eda4fb283ce,sup-beast-1.jpg,TRUE,3281,C,single,beast,critical,sup
0eb0033fb8cfb99676422eda4fb283ce,contrast-triceratops-2.jpg,TRUE,3824,C,single,beast,critical,basic
0eb0033fb8cfb99676422eda4fb283ce,sub-trex-2.jpg,TRUE,4680,C,single,beast,critical,sub
0eb0033fb8cfb99676422eda4fb283ce,sub-trex-1.jpg,TRUE,5296,C,single,beast,critical,sub
0eb0033fb8cfb99676422eda4fb283ce,basic-dinosaur-1.jpg,TRUE,6094,C,single,beast,critical,basic
0eb0033fb8cfb99676422eda4fb283ce,basic-dinosaur-2.jpg,TRUE,7644,C,single,beast,critical,basic
0eb0033fb8cfb99676422eda4fb283ce,sub-smart_phone-1.jpg,TRUE,1423,C,contrast,electronics,critical,sub
0eb0033fb8cfb99676422eda4fb283ce,sub-smart_phone-2.jpg,TRUE,2366,C,contrast,electronics,critical,sub
0eb0033fb8cfb99676422eda4fb283ce,sub-red_apple-2.jpg,TRUE,2709,C,contrast,fruit,critical,sub
0eb0033fb8cfb99676422eda4fb283ce,sub-red_apple-1.jpg,TRUE,3875,C,contrast,fruit,critical,sub
0eb0033fb8cfb99676422eda4fb283ce,sub-wooden_chair-2.jpg,TRUE,2178,C,single,furniture,critical,sub
0eb0033fb8cfb99676422eda4fb283ce,sub-wooden_chair-1.jpg,TRUE,2705,C,single,furniture,critical,sub
0eb0033fb8cfb99676422eda4fb283ce,contrast-office_chair-2.jpg,TRUE,3528,C,single,furniture,critical,basic
0eb0033fb8cfb99676422eda4fb283ce,basic-chair-1.jpg,TRUE,4175,C,single,furniture,critical,basic
0eb0033fb8cfb99676422eda4fb283ce,contrast-office_chair-1.jpg,TRUE,5022,C,single,furniture,critical,basic
0eb0033fb8cfb99676422eda4fb283ce,basic-chair-3.jpg,TRUE,5565,C,single,furniture,critical,basic
0eb0033fb8cfb99676422eda4fb283ce,basic-chair-2.jpg,TRUE,6116,C,single,furniture,critical,basic
0eb0033fb8cfb99676422eda4fb283ce,sub-gooseneck_lamp-1.jpg,TRUE,5030,C,single,light,critical,sub
0eb0033fb8cfb99676422eda4fb283ce,sub-gooseneck_lamp-2.jpg,TRUE,5677,C,single,light,critical,sub
0eb0033fb8cfb99676422eda4fb283ce,contrast-desk_lamp-1.jpg,TRUE,6214,C,single,light,critical,basic
0eb0033fb8cfb99676422eda4fb283ce,sup-light-3.jpg,TRUE,6765,C,single,light,critical,sup
0eb0033fb8cfb99676422eda4fb283ce,sup-light-3.jpg,FALSE,7187,C,single,light,critical,sup
0eb0033fb8cfb99676422eda4fb283ce,contrast-desk_lamp-2.jpg,TRUE,7874,C,single,light,critical,basic
0eb0033fb8cfb99676422eda4fb283ce,basic-lamp-3.jpg,TRUE,8617,C,single,light,critical,basic
0eb0033fb8cfb99676422eda4fb283ce,basic-lamp-2.jpg,TRUE,9327,C,single,light,critical,basic
0eb0033fb8cfb99676422eda4fb283ce,basic-lamp-1.jpg,TRUE,9807,C,single,light,critical,basic
0eb0033fb8cfb99676422eda4fb283ce,sub-green_pepper-2.jpg,TRUE,2180,C,contrast,vegetable,critical,sub
0eb0033fb8cfb99676422eda4fb283ce,sub-green_pepper-1.jpg,TRUE,3210,C,contrast,vegetable,critical,sub
0eb0033fb8cfb99676422eda4fb283ce,basic-car-2.jpg,TRUE,2757,C,contrast,vehicle,critical,basic
0eb0033fb8cfb99676422eda4fb283ce,sub-racecar-1.jpg,TRUE,3644,C,contrast,vehicle,critical,sub
0eb0033fb8cfb99676422eda4fb283ce,sub-racecar-2.jpg,TRUE,4555,C,contrast,vehicle,critical,sub
0eb0033fb8cfb99676422eda4fb283ce,basic-car-3.jpg,TRUE,7071,C,contrast,vehicle,critical,basic
9e1529ca3a0de676ed4051ee0d6193c4,sub-dalmatian-1.jpg,TRUE,4257,D,contrast,animal,critical,sub
9e1529ca3a0de676ed4051ee0d6193c4,sub-trex-2.jpg,TRUE,5471,D,contrast,beast,critical,sub
9e1529ca3a0de676ed4051ee0d6193c4,sub-smart_phone-2.jpg,TRUE,6562,D,single,electronics,critical,sub
9e1529ca3a0de676ed4051ee0d6193c4,sub-red_apple-1.jpg,TRUE,4000,D,single,fruit,critical,sub
9e1529ca3a0de676ed4051ee0d6193c4,sub-wooden_chair-2.jpg,TRUE,5043,D,contrast,furniture,critical,sub
9e1529ca3a0de676ed4051ee0d6193c4,sub-wooden_chair-1.jpg,TRUE,6684,D,contrast,furniture,critical,sub
9e1529ca3a0de676ed4051ee0d6193c4,sub-gooseneck_lamp-2.jpg,TRUE,3833,D,contrast,light,critical,sub
9e1529ca3a0de676ed4051ee0d6193c4,sub-gooseneck_lamp-1.jpg,TRUE,4681,D,contrast,light,critical,sub
9e1529ca3a0de676ed4051ee0d6193c4,sub-green_pepper-1.jpg,TRUE,1460,D,single,vegetable,critical,sub
9e1529ca3a0de676ed4051ee0d6193c4,sub-green_pepper-2.jpg,TRUE,2925,D,single,vegetable,critical,sub
9e1529ca3a0de676ed4051ee0d6193c4,sub-racecar-1.jpg,TRUE,4540,D,single,vehicle,critical,sub
a384c99e731f88ae0213bf7ce69ffbf3,sub-dalmatian-1.jpg,TRUE,5039,A,single,animal,critical,sub
a384c99e731f88ae0213bf7ce69ffbf3,sub-dalmatian-2.jpg,TRUE,5825,A,single,animal,critical,sub
a384c99e731f88ae0213bf7ce69ffbf3,sub-trex-2.jpg,TRUE,2797,A,contrast,beast,critical,sub
a384c99e731f88ae0213bf7ce69ffbf3,sub-trex-1.jpg,TRUE,3965,A,contrast,beast,critical,sub
a384c99e731f88ae0213bf7ce69ffbf3,sub-smart_phone-2.jpg,TRUE,2380,A,single,electronics,critical,sub
a384c99e731f88ae0213bf7ce69ffbf3,sub-smart_phone-1.jpg,TRUE,3216,A,single,electronics,critical,sub
a384c99e731f88ae0213bf7ce69ffbf3,sub-red_apple-1.jpg,TRUE,1449,A,contrast,fruit,critical,sub
a384c99e731f88ae0213bf7ce69ffbf3,sub-red_apple-2.jpg,TRUE,2062,A,contrast,fruit,critical,sub
a384c99e731f88ae0213bf7ce69ffbf3,sub-wooden_chair-2.jpg,TRUE,1790,A,single,furniture,critical,sub
a384c99e731f88ae0213bf7ce69ffbf3,basic-chair-3.jpg,TRUE,2672,A,single,furniture,critical,basic
a384c99e731f88ae0213bf7ce69ffbf3,contrast-office_chair-1.jpg,TRUE,3387,A,single,furniture,critical,basic
a384c99e731f88ae0213bf7ce69ffbf3,basic-chair-2.jpg,TRUE,4365,A,single,furniture,critical,basic
a384c99e731f88ae0213bf7ce69ffbf3,basic-chair-1.jpg,TRUE,4730,A,single,furniture,critical,basic
a384c99e731f88ae0213bf7ce69ffbf3,sub-wooden_chair-1.jpg,TRUE,5622,A,single,furniture,critical,sub
a384c99e731f88ae0213bf7ce69ffbf3,contrast-office_chair-2.jpg,TRUE,6256,A,single,furniture,critical,basic
a384c99e731f88ae0213bf7ce69ffbf3,sub-gooseneck_lamp-1.jpg,TRUE,2298,A,contrast,light,critical,sub
a384c99e731f88ae0213bf7ce69ffbf3,sub-gooseneck_lamp-2.jpg,TRUE,3116,A,contrast,light,critical,sub
a384c99e731f88ae0213bf7ce69ffbf3,sub-green_pepper-1.jpg,TRUE,2298,A,single,vegetable,critical,sub
a384c99e731f88ae0213bf7ce69ffbf3,sup-vehicle-2.jpg,TRUE,5529,A,contrast,vehicle,critical,sup
a384c99e731f88ae0213bf7ce69ffbf3,sup-vehicle-3.jpg,TRUE,6046,A,contrast,vehicle,critical,sup
a9b43032ad704405350ab0760542d64f,sub-dalmatian-1.jpg,TRUE,11915,C,single,animal,critical,sub
a9b43032ad704405350ab0760542d64f,sub-dalmatian-2.jpg,TRUE,12381,C,single,animal,critical,sub
a9b43032ad704405350ab0760542d64f,basic-dinosaur-3.jpg,TRUE,1395,C,single,beast,critical,basic
a9b43032ad704405350ab0760542d64f,contrast-triceratops-1.jpg,TRUE,2109,C,single,beast,critical,basic
a9b43032ad704405350ab0760542d64f,sub-trex-1.jpg,TRUE,2816,C,single,beast,critical,sub
a9b43032ad704405350ab0760542d64f,sub-trex-2.jpg,TRUE,3346,C,single,beast,critical,sub
a9b43032ad704405350ab0760542d64f,basic-dinosaur-1.jpg,TRUE,3761,C,single,beast,critical,basic
a9b43032ad704405350ab0760542d64f,contrast-triceratops-2.jpg,TRUE,4436,C,single,beast,critical,basic
a9b43032ad704405350ab0760542d64f,basic-dinosaur-2.jpg,TRUE,5640,C,single,beast,critical,basic
a9b43032ad704405350ab0760542d64f,sub-smart_phone-2.jpg,TRUE,2965,C,contrast,electronics,critical,sub
a9b43032ad704405350ab0760542d64f,sub-smart_phone-1.jpg,TRUE,7018,C,contrast,electronics,critical,sub
a9b43032ad704405350ab0760542d64f,sub-red_apple-2.jpg,TRUE,2651,C,contrast,fruit,critical,sub
a9b43032ad704405350ab0760542d64f,sub-red_apple-1.jpg,TRUE,3315,C,contrast,fruit,critical,sub
a9b43032ad704405350ab0760542d64f,sub-wooden_chair-1.jpg,TRUE,1503,C,single,furniture,critical,sub
a9b43032ad704405350ab0760542d64f,sub-wooden_chair-2.jpg,TRUE,2033,C,single,furniture,critical,sub
a9b43032ad704405350ab0760542d64f,contrast-desk_lamp-1.jpg,TRUE,1287,C,single,light,critical,basic
a9b43032ad704405350ab0760542d64f,sub-gooseneck_lamp-2.jpg,TRUE,2491,C,single,light,critical,sub
a9b43032ad704405350ab0760542d64f,sub-gooseneck_lamp-1.jpg,TRUE,3390,C,single,light,critical,sub
a9b43032ad704405350ab0760542d64f,contrast-desk_lamp-2.jpg,TRUE,4329,C,single,light,critical,basic
a9b43032ad704405350ab0760542d64f,sub-green_pepper-1.jpg,TRUE,2091,C,contrast,vegetable,critical,sub
a9b43032ad704405350ab0760542d64f,sub-green_pepper-2.jpg,TRUE,3535,C,contrast,vegetable,critical,sub
a9b43032ad704405350ab0760542d64f,basic-car-2.jpg,TRUE,3139,C,contrast,vehicle,critical,basic
a9b43032ad704405350ab0760542d64f,sub-racecar-1.jpg,TRUE,3709,C,contrast,vehicle,critical,sub
a9b43032ad704405350ab0760542d64f,basic-car-3.jpg,TRUE,4929,C,contrast,vehicle,critical,basic
a9b43032ad704405350ab0760542d64f,basic-car-1.jpg,TRUE,7216,C,contrast,vehicle,critical,basic
a9b43032ad704405350ab0760542d64f,sub-racecar-2.jpg,TRUE,7922,C,contrast,vehicle,critical,sub
d9fe89579bae59b225c0714469acdade,basic-dog-1.jpg,TRUE,3950,D,contrast,animal,critical,basic
d9fe89579bae59b225c0714469acdade,sub-dalmatian-1.jpg,TRUE,4988,D,contrast,animal,critical,sub
d9fe89579bae59b225c0714469acdade,sub-dalmatian-2.jpg,TRUE,6556,D,contrast,animal,critical,sub
d9fe89579bae59b225c0714469acdade,sub-trex-2.jpg,TRUE,4723,D,contrast,beast,critical,sub
d9fe89579bae59b225c0714469acdade,basic-dinosaur-2.jpg,TRUE,5342,D,contrast,beast,critical,basic
d9fe89579bae59b225c0714469acdade,sub-trex-1.jpg,TRUE,7176,D,contrast,beast,critical,sub
d9fe89579bae59b225c0714469acdade,sub-smart_phone-2.jpg,TRUE,3024,D,single,electronics,critical,sub
d9fe89579bae59b225c0714469acdade,sub-smart_phone-1.jpg,TRUE,3835,D,single,electronics,critical,sub
d9fe89579bae59b225c0714469acdade,contrast-flip_phone-1.jpg,TRUE,5333,D,single,electronics,critical,basic
d9fe89579bae59b225c0714469acdade,contrast-flip_phone-2.jpg,TRUE,5860,D,single,electronics,critical,basic
d9fe89579bae59b225c0714469acdade,basic-phone-2.jpg,TRUE,6442,D,single,electronics,critical,basic
d9fe89579bae59b225c0714469acdade,basic-phone-3.jpg,TRUE,7119,D,single,electronics,critical,basic
d9fe89579bae59b225c0714469acdade,sub-red_apple-1.jpg,TRUE,2477,D,single,fruit,critical,sub
d9fe89579bae59b225c0714469acdade,sub-red_apple-2.jpg,TRUE,3072,D,single,fruit,critical,sub
d9fe89579bae59b225c0714469acdade,basic-apple-1.jpg,TRUE,5227,D,single,fruit,critical,basic
d9fe89579bae59b225c0714469acdade,contrast-green_apple-2.jpg,TRUE,6720,D,single,fruit,critical,basic
d9fe89579bae59b225c0714469acdade,contrast-green_apple-1.jpg,TRUE,7871,D,single,fruit,critical,basic
d9fe89579bae59b225c0714469acdade,basic-apple-2.jpg,TRUE,12801,D,single,fruit,critical,basic
d9fe89579bae59b225c0714469acdade,sub-wooden_chair-2.jpg,TRUE,2914,D,contrast,furniture,critical,sub
d9fe89579bae59b225c0714469acdade,basic-chair-1.jpg,TRUE,3841,D,contrast,furniture,critical,basic
d9fe89579bae59b225c0714469acdade,basic-chair-3.jpg,TRUE,4326,D,contrast,furniture,critical,basic
d9fe89579bae59b225c0714469acdade,sub-wooden_chair-1.jpg,TRUE,5288,D,contrast,furniture,critical,sub
d9fe89579bae59b225c0714469acdade,sub-gooseneck_lamp-2.jpg,TRUE,2597,D,contrast,light,critical,sub
d9fe89579bae59b225c0714469acdade,sub-gooseneck_lamp-1.jpg,TRUE,3321,D,contrast,light,critical,sub
d9fe89579bae59b225c0714469acdade,sub-green_pepper-1.jpg,TRUE,1714,D,single,vegetable,critical,sub
d9fe89579bae59b225c0714469acdade,sub-green_pepper-2.jpg,TRUE,2765,D,single,vegetable,critical,sub
d9fe89579bae59b225c0714469acdade,basic-pepper-2.jpg,TRUE,3405,D,single,vegetable,critical,basic
d9fe89579bae59b225c0714469acdade,basic-pepper-3.jpg,TRUE,3996,D,single,vegetable,critical,basic
d9fe89579bae59b225c0714469acdade,contrast-red_pepper-2.jpg,TRUE,4902,D,single,vegetable,critical,basic
d9fe89579bae59b225c0714469acdade,contrast-van-2.jpg,TRUE,3184,D,single,vehicle,critical,basic
d9fe89579bae59b225c0714469acdade,contrast-van-1.jpg,TRUE,3685,D,single,vehicle,critical,basic
d9fe89579bae59b225c0714469acdade,basic-car-2.jpg,TRUE,4402,D,single,vehicle,critical,basic
d9fe89579bae59b225c0714469acdade,sub-racecar-2.jpg,TRUE,5916,D,single,vehicle,critical,sub
d9fe89579bae59b225c0714469acdade,basic-car-3.jpg,TRUE,6426,D,single,vehicle,critical,basic
d9fe89579bae59b225c0714469acdade,basic-car-1.jpg,TRUE,6914,D,single,vehicle,critical,basic
d9fe89579bae59b225c0714469acdade,sub-racecar-1.jpg,TRUE,7601,D,single,vehicle,critical,sub
4364708ef153b55c228707f018ea3eea,sub-dalmatian-1.jpg,TRUE,7883,A,single,animal,critical,sub
4364708ef153b55c228707f018ea3eea,sub-dalmatian-2.jpg,TRUE,11027,A,single,animal,critical,sub
4364708ef153b55c228707f018ea3eea,sub-trex-2.jpg,TRUE,3654,A,contrast,beast,critical,sub
4364708ef153b55c228707f018ea3eea,sub-trex-1.jpg,TRUE,4982,A,contrast,beast,critical,sub
4364708ef153b55c228707f018ea3eea,sub-smart_phone-2.jpg,TRUE,3448,A,single,electronics,critical,sub
4364708ef153b55c228707f018ea3eea,sub-smart_phone-1.jpg,TRUE,6230,A,single,electronics,critical,sub
4364708ef153b55c228707f018ea3eea,sub-red_apple-2.jpg,TRUE,2114,A,contrast,fruit,critical,sub
4364708ef153b55c228707f018ea3eea,sub-red_apple-1.jpg,TRUE,2835,A,contrast,fruit,critical,sub
4364708ef153b55c228707f018ea3eea,sub-wooden_chair-1.jpg,TRUE,4986,A,single,furniture,critical,sub
4364708ef153b55c228707f018ea3eea,sub-wooden_chair-2.jpg,TRUE,5730,A,single,furniture,critical,sub
4364708ef153b55c228707f018ea3eea,sub-gooseneck_lamp-1.jpg,TRUE,3266,A,contrast,light,critical,sub
4364708ef153b55c228707f018ea3eea,sub-gooseneck_lamp-2.jpg,TRUE,3999,A,contrast,light,critical,sub
4364708ef153b55c228707f018ea3eea,sub-green_pepper-1.jpg,TRUE,1632,A,single,vegetable,critical,sub
4364708ef153b55c228707f018ea3eea,sub-green_pepper-2.jpg,TRUE,2841,A,single,vegetable,critical,sub
4364708ef153b55c228707f018ea3eea,basic-pepper-3.jpg,TRUE,13371,A,single,vegetable,critical,basic
4364708ef153b55c228707f018ea3eea,basic-pepper-2.jpg,TRUE,15788,A,single,vegetable,critical,basic
4364708ef153b55c228707f018ea3eea,sub-racecar-2.jpg,TRUE,2860,A,contrast,vehicle,critical,sub
4364708ef153b55c228707f018ea3eea,sub-racecar-1.jpg,TRUE,3684,A,contrast,vehicle,critical,sub
778d24723cc848117fd6bf4bfaa35472,sub-dalmatian-2.jpg,TRUE,4344,B,contrast,animal,critical,sub
778d24723cc848117fd6bf4bfaa35472,sub-dalmatian-1.jpg,TRUE,5365,B,contrast,animal,critical,sub
778d24723cc848117fd6bf4bfaa35472,sub-trex-2.jpg,TRUE,3043,B,single,beast,critical,sub
778d24723cc848117fd6bf4bfaa35472,sub-trex-1.jpg,TRUE,7107,B,single,beast,critical,sub
778d24723cc848117fd6bf4bfaa35472,sub-smart_phone-2.jpg,TRUE,5483,B,contrast,electronics,critical,sub
778d24723cc848117fd6bf4bfaa35472,sub-smart_phone-1.jpg,TRUE,6488,B,contrast,electronics,critical,sub
778d24723cc848117fd6bf4bfaa35472,sub-red_apple-2.jpg,TRUE,2728,B,single,fruit,critical,sub
778d24723cc848117fd6bf4bfaa35472,sub-red_apple-1.jpg,TRUE,3631,B,single,fruit,critical,sub
778d24723cc848117fd6bf4bfaa35472,basic-apple-3.jpg,TRUE,6846,B,single,fruit,critical,basic
778d24723cc848117fd6bf4bfaa35472,contrast-green_apple-1.jpg,TRUE,7393,B,single,fruit,critical,basic
778d24723cc848117fd6bf4bfaa35472,basic-apple-1.jpg,TRUE,8042,B,single,fruit,critical,basic
778d24723cc848117fd6bf4bfaa35472,contrast-green_apple-2.jpg,TRUE,8684,B,single,fruit,critical,basic
778d24723cc848117fd6bf4bfaa35472,basic-apple-2.jpg,TRUE,9302,B,single,fruit,critical,basic
778d24723cc848117fd6bf4bfaa35472,sub-wooden_chair-2.jpg,TRUE,3059,B,contrast,furniture,critical,sub
778d24723cc848117fd6bf4bfaa35472,sub-wooden_chair-1.jpg,TRUE,3826,B,contrast,furniture,critical,sub
778d24723cc848117fd6bf4bfaa35472,sub-gooseneck_lamp-1.jpg,TRUE,1735,B,single,light,critical,sub
778d24723cc848117fd6bf4bfaa35472,sub-gooseneck_lamp-2.jpg,TRUE,2345,B,single,light,critical,sub
778d24723cc848117fd6bf4bfaa35472,sub-green_pepper-2.jpg,TRUE,3422,B,contrast,vegetable,critical,sub
778d24723cc848117fd6bf4bfaa35472,sub-green_pepper-1.jpg,TRUE,4729,B,contrast,vegetable,critical,sub
778d24723cc848117fd6bf4bfaa35472,sub-racecar-2.jpg,TRUE,6265,B,single,vehicle,critical,sub
778d24723cc848117fd6bf4bfaa35472,sub-racecar-1.jpg,TRUE,7295,B,single,vehicle,critical,sub
e20915dfee7ba38dec9eff1f6b76680d,sub-dalmatian-1.jpg,TRUE,2426,C,single,animal,critical,sub
e20915dfee7ba38dec9eff1f6b76680d,sub-dalmatian-2.jpg,TRUE,3440,C,single,animal,critical,sub
e20915dfee7ba38dec9eff1f6b76680d,basic-dog-1.jpg,TRUE,9950,C,single,animal,critical,basic
e20915dfee7ba38dec9eff1f6b76680d,basic-dog-3.jpg,TRUE,10791,C,single,animal,critical,basic
e20915dfee7ba38dec9eff1f6b76680d,basic-dog-2.jpg,TRUE,12947,C,single,animal,critical,basic
e20915dfee7ba38dec9eff1f6b76680d,contrast-corgi-1.jpg,TRUE,13820,C,single,animal,critical,basic
e20915dfee7ba38dec9eff1f6b76680d,contrast-corgi-2.jpg,TRUE,14322,C,single,animal,critical,basic
e20915dfee7ba38dec9eff1f6b76680d,sub-trex-2.jpg,TRUE,4096,C,single,beast,critical,sub
e20915dfee7ba38dec9eff1f6b76680d,sub-trex-1.jpg,TRUE,6794,C,single,beast,critical,sub
e20915dfee7ba38dec9eff1f6b76680d,sub-smart_phone-2.jpg,TRUE,4466,C,contrast,electronics,critical,sub
e20915dfee7ba38dec9eff1f6b76680d,sub-smart_phone-1.jpg,TRUE,5563,C,contrast,electronics,critical,sub
e20915dfee7ba38dec9eff1f6b76680d,sub-red_apple-1.jpg,TRUE,4059,C,contrast,fruit,critical,sub
e20915dfee7ba38dec9eff1f6b76680d,sub-red_apple-2.jpg,TRUE,4982,C,contrast,fruit,critical,sub
e20915dfee7ba38dec9eff1f6b76680d,basic-apple-3.jpg,TRUE,7810,C,contrast,fruit,critical,basic
e20915dfee7ba38dec9eff1f6b76680d,sub-wooden_chair-1.jpg,TRUE,2484,C,single,furniture,critical,sub
e20915dfee7ba38dec9eff1f6b76680d,sub-wooden_chair-2.jpg,TRUE,4525,C,single,furniture,critical,sub
e20915dfee7ba38dec9eff1f6b76680d,contrast-office_chair-1.jpg,TRUE,6543,C,single,furniture,critical,basic
e20915dfee7ba38dec9eff1f6b76680d,contrast-office_chair-2.jpg,TRUE,7490,C,single,furniture,critical,basic
e20915dfee7ba38dec9eff1f6b76680d,basic-chair-3.jpg,TRUE,8858,C,single,furniture,critical,basic
e20915dfee7ba38dec9eff1f6b76680d,sub-gooseneck_lamp-2.jpg,TRUE,1985,C,single,light,critical,sub
e20915dfee7ba38dec9eff1f6b76680d,contrast-desk_lamp-2.jpg,TRUE,3801,C,single,light,critical,basic
e20915dfee7ba38dec9eff1f6b76680d,basic-lamp-3.jpg,TRUE,4872,C,single,light,critical,basic
e20915dfee7ba38dec9eff1f6b76680d,sub-gooseneck_lamp-1.jpg,TRUE,5526,C,single,light,critical,sub
e20915dfee7ba38dec9eff1f6b76680d,contrast-desk_lamp-1.jpg,TRUE,6755,C,single,light,critical,basic
e20915dfee7ba38dec9eff1f6b76680d,basic-lamp-1.jpg,TRUE,10872,C,single,light,critical,basic
e20915dfee7ba38dec9eff1f6b76680d,basic-lamp-1.jpg,FALSE,19240,C,single,light,critical,basic
e20915dfee7ba38dec9eff1f6b76680d,sub-green_pepper-2.jpg,TRUE,3399,C,contrast,vegetable,critical,sub
e20915dfee7ba38dec9eff1f6b76680d,sub-green_pepper-1.jpg,TRUE,4471,C,contrast,vegetable,critical,sub
e20915dfee7ba38dec9eff1f6b76680d,sub-racecar-2.jpg,TRUE,2924,C,contrast,vehicle,critical,sub
e20915dfee7ba38dec9eff1f6b76680d,sub-racecar-1.jpg,TRUE,4051,C,contrast,vehicle,critical,sub
509a616664dc871903538dc8ae4e5c67,sub-dalmatian-2.jpg,TRUE,3486,D,contrast,animal,critical,sub
509a616664dc871903538dc8ae4e5c67,sub-dalmatian-1.jpg,TRUE,5301,D,contrast,animal,critical,sub
509a616664dc871903538dc8ae4e5c67,contrast-triceratops-2.jpg,TRUE,2693,D,contrast,beast,critical,contrast
509a616664dc871903538dc8ae4e5c67,sub-smart_phone-2.jpg,TRUE,4511,D,single,electronics,critical,sub
509a616664dc871903538dc8ae4e5c67,sub-smart_phone-1.jpg,TRUE,7472,D,single,electronics,critical,sub
509a616664dc871903538dc8ae4e5c67,sub-red_apple-1.jpg,TRUE,1235,D,single,fruit,critical,sub
509a616664dc871903538dc8ae4e5c67,sub-red_apple-2.jpg,TRUE,1905,D,single,fruit,critical,sub
509a616664dc871903538dc8ae4e5c67,sub-wooden_chair-2.jpg,TRUE,2150,D,contrast,furniture,critical,sub
509a616664dc871903538dc8ae4e5c67,sub-wooden_chair-1.jpg,TRUE,4515,D,contrast,furniture,critical,sub
509a616664dc871903538dc8ae4e5c67,sub-gooseneck_lamp-2.jpg,TRUE,2894,D,contrast,light,critical,sub
509a616664dc871903538dc8ae4e5c67,sub-gooseneck_lamp-1.jpg,TRUE,3450,D,contrast,light,critical,sub
509a616664dc871903538dc8ae4e5c67,sub-green_pepper-1.jpg,TRUE,1468,D,single,vegetable,critical,sub
509a616664dc871903538dc8ae4e5c67,sub-green_pepper-2.jpg,TRUE,2478,D,single,vegetable,critical,sub
509a616664dc871903538dc8ae4e5c67,sub-racecar-2.jpg,TRUE,2013,D,single,vehicle,critical,sub
509a616664dc871903538dc8ae4e5c67,sub-racecar-1.jpg,TRUE,3094,D,single,vehicle,critical,sub
2c4e304d96faebc0a4a1631ef682bc6f,sub-dalmatian-1.jpg,TRUE,2103,A,single,animal,critical,sub
2c4e304d96faebc0a4a1631ef682bc6f,sub-dalmatian-2.jpg,TRUE,4430,A,single,animal,critical,sub
2c4e304d96faebc0a4a1631ef682bc6f,sub-trex-2.jpg,TRUE,1741,A,contrast,beast,critical,sub
2c4e304d96faebc0a4a1631ef682bc6f,sub-trex-1.jpg,TRUE,4349,A,contrast,beast,critical,sub
2c4e304d96faebc0a4a1631ef682bc6f,sub-smart_phone-2.jpg,TRUE,5535,A,single,electronics,critical,sub
2c4e304d96faebc0a4a1631ef682bc6f,sub-red_apple-1.jpg,TRUE,3417,A,contrast,fruit,critical,sub
2c4e304d96faebc0a4a1631ef682bc6f,sub-red_apple-2.jpg,TRUE,4258,A,contrast,fruit,critical,sub
2c4e304d96faebc0a4a1631ef682bc6f,basic-apple-2.jpg,TRUE,6932,A,contrast,fruit,critical,basic
2c4e304d96faebc0a4a1631ef682bc6f,basic-apple-2.jpg,FALSE,8661,A,contrast,fruit,critical,basic
2c4e304d96faebc0a4a1631ef682bc6f,sub-wooden_chair-2.jpg,TRUE,2459,A,single,furniture,critical,sub
2c4e304d96faebc0a4a1631ef682bc6f,sub-wooden_chair-1.jpg,TRUE,3637,A,single,furniture,critical,sub
2c4e304d96faebc0a4a1631ef682bc6f,contrast-desk_lamp-2.jpg,TRUE,4828,A,contrast,light,critical,contrast
2c4e304d96faebc0a4a1631ef682bc6f,contrast-desk_lamp-1.jpg,TRUE,5611,A,contrast,light,critical,contrast
2c4e304d96faebc0a4a1631ef682bc6f,sub-green_pepper-2.jpg,TRUE,1332,A,single,vegetable,critical,sub
2c4e304d96faebc0a4a1631ef682bc6f,sub-green_pepper-1.jpg,TRUE,2536,A,single,vegetable,critical,sub
2c4e304d96faebc0a4a1631ef682bc6f,sub-racecar-2.jpg,TRUE,2864,A,contrast,vehicle,critical,sub
2c4e304d96faebc0a4a1631ef682bc6f,sub-racecar-1.jpg,TRUE,4680,A,contrast,vehicle,critical,sub
2f5d3f2ec0c425ded7f607a07aed1451,sub-dalmatian-1.jpg,TRUE,10892,B,contrast,animal,critical,sub
2f5d3f2ec0c425ded7f607a07aed1451,sub-dalmatian-2.jpg,TRUE,12161,B,contrast,animal,critical,sub
2f5d3f2ec0c425ded7f607a07aed1451,sub-trex-1.jpg,TRUE,4978,B,single,beast,critical,sub
2f5d3f2ec0c425ded7f607a07aed1451,sub-trex-2.jpg,TRUE,5633,B,single,beast,critical,sub
2f5d3f2ec0c425ded7f607a07aed1451,sub-smart_phone-2.jpg,TRUE,11660,B,contrast,electronics,critical,sub
2f5d3f2ec0c425ded7f607a07aed1451,sub-smart_phone-1.jpg,TRUE,16770,B,contrast,electronics,critical,sub
2f5d3f2ec0c425ded7f607a07aed1451,sub-red_apple-1.jpg,TRUE,1829,B,single,fruit,critical,sub
2f5d3f2ec0c425ded7f607a07aed1451,sub-red_apple-2.jpg,TRUE,3129,B,single,fruit,critical,sub
2f5d3f2ec0c425ded7f607a07aed1451,sub-wooden_chair-2.jpg,TRUE,2060,B,contrast,furniture,critical,sub
2f5d3f2ec0c425ded7f607a07aed1451,sub-wooden_chair-1.jpg,TRUE,2718,B,contrast,furniture,critical,sub
2f5d3f2ec0c425ded7f607a07aed1451,sub-gooseneck_lamp-2.jpg,TRUE,1975,B,single,light,critical,sub
2f5d3f2ec0c425ded7f607a07aed1451,sub-gooseneck_lamp-1.jpg,TRUE,3021,B,single,light,critical,sub
2f5d3f2ec0c425ded7f607a07aed1451,sub-green_pepper-2.jpg,TRUE,2392,B,contrast,vegetable,critical,sub
2f5d3f2ec0c425ded7f607a07aed1451,sub-green_pepper-1.jpg,TRUE,6202,B,contrast,vegetable,critical,sub
2f5d3f2ec0c425ded7f607a07aed1451,sub-racecar-1.jpg,TRUE,4747,B,single,vehicle,critical,sub
2f5d3f2ec0c425ded7f607a07aed1451,sub-racecar-2.jpg,TRUE,5891,B,single,vehicle,critical,sub
8ed8cd822d7893939eb282f742e0bf0b,contrast-corgi-1.jpg,TRUE,8458,C,single,animal,critical,basic
8ed8cd822d7893939eb282f742e0bf0b,contrast-corgi-2.jpg,TRUE,11041,C,single,animal,critical,basic
8ed8cd822d7893939eb282f742e0bf0b,sub-dalmatian-1.jpg,TRUE,13836,C,single,animal,critical,sub
8ed8cd822d7893939eb282f742e0bf0b,sub-dalmatian-2.jpg,TRUE,14347,C,single,animal,critical,sub
8ed8cd822d7893939eb282f742e0bf0b,basic-dog-3.jpg,TRUE,14788,C,single,animal,critical,basic
8ed8cd822d7893939eb282f742e0bf0b,basic-dog-1.jpg,TRUE,15305,C,single,animal,critical,basic
8ed8cd822d7893939eb282f742e0bf0b,basic-dog-2.jpg,TRUE,16198,C,single,animal,critical,basic
8ed8cd822d7893939eb282f742e0bf0b,sub-trex-2.jpg,TRUE,4651,C,single,beast,critical,sub
8ed8cd822d7893939eb282f742e0bf0b,sub-trex-1.jpg,TRUE,5741,C,single,beast,critical,sub
8ed8cd822d7893939eb282f742e0bf0b,basic-dinosaur-2.jpg,TRUE,7300,C,single,beast,critical,basic
8ed8cd822d7893939eb282f742e0bf0b,basic-dinosaur-1.jpg,TRUE,8726,C,single,beast,critical,basic
8ed8cd822d7893939eb282f742e0bf0b,basic-dinosaur-3.jpg,TRUE,10128,C,single,beast,critical,basic
8ed8cd822d7893939eb282f742e0bf0b,contrast-triceratops-2.jpg,TRUE,11018,C,single,beast,critical,basic
8ed8cd822d7893939eb282f742e0bf0b,contrast-triceratops-1.jpg,TRUE,14048,C,single,beast,critical,basic
8ed8cd822d7893939eb282f742e0bf0b,sub-smart_phone-1.jpg,TRUE,3311,C,contrast,electronics,critical,sub
8ed8cd822d7893939eb282f742e0bf0b,sub-smart_phone-2.jpg,TRUE,4434,C,contrast,electronics,critical,sub
8ed8cd822d7893939eb282f742e0bf0b,sub-red_apple-2.jpg,TRUE,2667,C,contrast,fruit,critical,sub
8ed8cd822d7893939eb282f742e0bf0b,sub-red_apple-1.jpg,TRUE,3846,C,contrast,fruit,critical,sub
8ed8cd822d7893939eb282f742e0bf0b,contrast-office_chair-1.jpg,TRUE,2410,C,single,furniture,critical,basic
8ed8cd822d7893939eb282f742e0bf0b,basic-chair-3.jpg,TRUE,3251,C,single,furniture,critical,basic
8ed8cd822d7893939eb282f742e0bf0b,sub-wooden_chair-1.jpg,TRUE,4001,C,single,furniture,critical,sub
8ed8cd822d7893939eb282f742e0bf0b,sub-wooden_chair-2.jpg,TRUE,4681,C,single,furniture,critical,sub
8ed8cd822d7893939eb282f742e0bf0b,basic-chair-1.jpg,TRUE,5332,C,single,furniture,critical,basic
8ed8cd822d7893939eb282f742e0bf0b,contrast-office_chair-2.jpg,TRUE,6047,C,single,furniture,critical,basic
8ed8cd822d7893939eb282f742e0bf0b,basic-chair-2.jpg,TRUE,8607,C,single,furniture,critical,basic
8ed8cd822d7893939eb282f742e0bf0b,sub-gooseneck_lamp-2.jpg,TRUE,2835,C,single,light,critical,sub
8ed8cd822d7893939eb282f742e0bf0b,contrast-desk_lamp-1.jpg,TRUE,3509,C,single,light,critical,basic
8ed8cd822d7893939eb282f742e0bf0b,sup-light-3.jpg,TRUE,4377,C,single,light,critical,sup
8ed8cd822d7893939eb282f742e0bf0b,sup-light-2.jpg,TRUE,5087,C,single,light,critical,sup
8ed8cd822d7893939eb282f742e0bf0b,basic-lamp-2.jpg,TRUE,6253,C,single,light,critical,basic
8ed8cd822d7893939eb282f742e0bf0b,sup-light-1.jpg,TRUE,7256,C,single,light,critical,sup
8ed8cd822d7893939eb282f742e0bf0b,basic-lamp-1.jpg,TRUE,7919,C,single,light,critical,basic
8ed8cd822d7893939eb282f742e0bf0b,contrast-desk_lamp-2.jpg,TRUE,8508,C,single,light,critical,basic
8ed8cd822d7893939eb282f742e0bf0b,basic-lamp-3.jpg,TRUE,9025,C,single,light,critical,basic
8ed8cd822d7893939eb282f742e0bf0b,sub-gooseneck_lamp-1.jpg,TRUE,9544,C,single,light,critical,sub
8ed8cd822d7893939eb282f742e0bf0b,sub-green_pepper-2.jpg,TRUE,2177,C,contrast,vegetable,critical,sub
8ed8cd822d7893939eb282f742e0bf0b,sub-green_pepper-1.jpg,TRUE,3187,C,contrast,vegetable,critical,sub
8ed8cd822d7893939eb282f742e0bf0b,basic-car-3.jpg,TRUE,2874,C,contrast,vehicle,critical,basic
8ed8cd822d7893939eb282f742e0bf0b,contrast-van-1.jpg,TRUE,3671,C,contrast,vehicle,critical,contrast
8ed8cd822d7893939eb282f742e0bf0b,contrast-van-1.jpg,FALSE,5422,C,contrast,vehicle,critical,contrast
8ed8cd822d7893939eb282f742e0bf0b,sub-racecar-2.jpg,TRUE,6564,C,contrast,vehicle,critical,sub
8ed8cd822d7893939eb282f742e0bf0b,basic-car-2.jpg,TRUE,7734,C,contrast,vehicle,critical,basic
8ed8cd822d7893939eb282f742e0bf0b,sub-racecar-1.jpg,TRUE,8742,C,contrast,vehicle,critical,sub
8ed8cd822d7893939eb282f742e0bf0b,basic-car-3.jpg,FALSE,12773,C,contrast,vehicle,critical,basic
8ed8cd822d7893939eb282f742e0bf0b,basic-car-1.jpg,TRUE,14857,C,contrast,vehicle,critical,basic
8ed8cd822d7893939eb282f742e0bf0b,basic-car-3.jpg,TRUE,15575,C,contrast,vehicle,critical,basic
e50b80bd97e45e9bfdd7de68147d8d95,sub-dalmatian-2.jpg,TRUE,3062,D,contrast,animal,critical,sub
e50b80bd97e45e9bfdd7de68147d8d95,sub-dalmatian-1.jpg,TRUE,3901,D,contrast,animal,critical,sub
e50b80bd97e45e9bfdd7de68147d8d95,basic-dinosaur-2.jpg,TRUE,3572,D,contrast,beast,critical,basic
e50b80bd97e45e9bfdd7de68147d8d95,basic-dinosaur-2.jpg,FALSE,4017,D,contrast,beast,critical,basic
e50b80bd97e45e9bfdd7de68147d8d95,sub-trex-2.jpg,TRUE,4446,D,contrast,beast,critical,sub
e50b80bd97e45e9bfdd7de68147d8d95,sub-trex-1.jpg,TRUE,5067,D,contrast,beast,critical,sub
e50b80bd97e45e9bfdd7de68147d8d95,sub-smart_phone-1.jpg,TRUE,3871,D,single,electronics,critical,sub
e50b80bd97e45e9bfdd7de68147d8d95,sub-smart_phone-2.jpg,TRUE,4379,D,single,electronics,critical,sub
e50b80bd97e45e9bfdd7de68147d8d95,contrast-flip_phone-1.jpg,TRUE,4928,D,single,electronics,critical,basic
e50b80bd97e45e9bfdd7de68147d8d95,contrast-flip_phone-2.jpg,TRUE,5525,D,single,electronics,critical,basic
e50b80bd97e45e9bfdd7de68147d8d95,basic-apple-2.jpg,TRUE,3795,D,single,fruit,critical,basic
e50b80bd97e45e9bfdd7de68147d8d95,basic-apple-3.jpg,TRUE,4154,D,single,fruit,critical,basic
e50b80bd97e45e9bfdd7de68147d8d95,contrast-green_apple-1.jpg,TRUE,4894,D,single,fruit,critical,basic
e50b80bd97e45e9bfdd7de68147d8d95,contrast-green_apple-2.jpg,TRUE,5538,D,single,fruit,critical,basic
e50b80bd97e45e9bfdd7de68147d8d95,sub-red_apple-1.jpg,TRUE,7908,D,single,fruit,critical,sub
e50b80bd97e45e9bfdd7de68147d8d95,sub-red_apple-2.jpg,TRUE,8441,D,single,fruit,critical,sub
e50b80bd97e45e9bfdd7de68147d8d95,basic-apple-1.jpg,TRUE,9205,D,single,fruit,critical,basic
e50b80bd97e45e9bfdd7de68147d8d95,sub-wooden_chair-2.jpg,TRUE,2355,D,contrast,furniture,critical,sub
e50b80bd97e45e9bfdd7de68147d8d95,sub-wooden_chair-1.jpg,TRUE,3890,D,contrast,furniture,critical,sub
e50b80bd97e45e9bfdd7de68147d8d95,sub-gooseneck_lamp-1.jpg,TRUE,2258,D,contrast,light,critical,sub
e50b80bd97e45e9bfdd7de68147d8d95,sub-gooseneck_lamp-2.jpg,TRUE,2810,D,contrast,light,critical,sub
e50b80bd97e45e9bfdd7de68147d8d95,sub-green_pepper-1.jpg,TRUE,1836,D,single,vegetable,critical,sub
e50b80bd97e45e9bfdd7de68147d8d95,sub-green_pepper-2.jpg,TRUE,3150,D,single,vegetable,critical,sub
e50b80bd97e45e9bfdd7de68147d8d95,basic-pepper-2.jpg,TRUE,5059,D,single,vegetable,critical,basic
e50b80bd97e45e9bfdd7de68147d8d95,basic-pepper-2.jpg,FALSE,6427,D,single,vegetable,critical,basic
e50b80bd97e45e9bfdd7de68147d8d95,contrast-red_pepper-2.jpg,TRUE,12275,D,single,vegetable,critical,basic
e50b80bd97e45e9bfdd7de68147d8d95,basic-pepper-2.jpg,TRUE,14238,D,single,vegetable,critical,basic
e50b80bd97e45e9bfdd7de68147d8d95,contrast-red_pepper-2.jpg,FALSE,17388,D,single,vegetable,critical,basic
e50b80bd97e45e9bfdd7de68147d8d95,sub-green_pepper-2.jpg,FALSE,17929,D,single,vegetable,critical,sub
e50b80bd97e45e9bfdd7de68147d8d95,basic-pepper-2.jpg,FALSE,18557,D,single,vegetable,critical,basic
e50b80bd97e45e9bfdd7de68147d8d95,sub-green_pepper-2.jpg,TRUE,21827,D,single,vegetable,critical,sub
e50b80bd97e45e9bfdd7de68147d8d95,sub-racecar-2.jpg,TRUE,3830,D,single,vehicle,critical,sub
e50b80bd97e45e9bfdd7de68147d8d95,sub-racecar-1.jpg,TRUE,4617,D,single,vehicle,critical,sub
0acd029686223205a976964c90766a67,sub-dalmatian-2.jpg,TRUE,7059,A,single,animal,critical,sub
0acd029686223205a976964c90766a67,sub-dalmatian-1.jpg,TRUE,8427,A,single,animal,critical,sub
0acd029686223205a976964c90766a67,basic-dinosaur-1.jpg,TRUE,10541,A,contrast,beast,critical,basic
0acd029686223205a976964c90766a67,basic-dinosaur-1.jpg,FALSE,14746,A,contrast,beast,critical,basic
0acd029686223205a976964c90766a67,sub-trex-1.jpg,TRUE,18192,A,contrast,beast,critical,sub
0acd029686223205a976964c90766a67,basic-dinosaur-1.jpg,TRUE,20244,A,contrast,beast,critical,basic
0acd029686223205a976964c90766a67,sub-trex-2.jpg,TRUE,23527,A,contrast,beast,critical,sub
0acd029686223205a976964c90766a67,sub-smart_phone-2.jpg,TRUE,6154,A,single,electronics,critical,sub
0acd029686223205a976964c90766a67,sub-smart_phone-1.jpg,TRUE,10375,A,single,electronics,critical,sub
0acd029686223205a976964c90766a67,basic-phone-3.jpg,TRUE,12300,A,single,electronics,critical,basic
0acd029686223205a976964c90766a67,contrast-flip_phone-2.jpg,TRUE,12720,A,single,electronics,critical,basic
0acd029686223205a976964c90766a67,contrast-flip_phone-1.jpg,TRUE,13214,A,single,electronics,critical,basic
0acd029686223205a976964c90766a67,basic-phone-3.jpg,FALSE,14605,A,single,electronics,critical,basic
0acd029686223205a976964c90766a67,contrast-flip_phone-2.jpg,FALSE,15090,A,single,electronics,critical,basic
0acd029686223205a976964c90766a67,contrast-flip_phone-1.jpg,FALSE,16514,A,single,electronics,critical,basic
0acd029686223205a976964c90766a67,sub-red_apple-1.jpg,TRUE,3300,A,contrast,fruit,critical,sub
0acd029686223205a976964c90766a67,sub-red_apple-2.jpg,TRUE,4786,A,contrast,fruit,critical,sub
0acd029686223205a976964c90766a67,sub-wooden_chair-2.jpg,TRUE,1653,A,single,furniture,critical,sub
0acd029686223205a976964c90766a67,sub-wooden_chair-1.jpg,TRUE,2710,A,single,furniture,critical,sub
0acd029686223205a976964c90766a67,sub-gooseneck_lamp-2.jpg,TRUE,4535,A,contrast,light,critical,sub
0acd029686223205a976964c90766a67,sub-gooseneck_lamp-1.jpg,TRUE,5344,A,contrast,light,critical,sub
0acd029686223205a976964c90766a67,sub-green_pepper-1.jpg,TRUE,1679,A,single,vegetable,critical,sub
0acd029686223205a976964c90766a67,sub-racecar-2.jpg,TRUE,3373,A,contrast,vehicle,critical,sub
0acd029686223205a976964c90766a67,sub-racecar-1.jpg,TRUE,5903,A,contrast,vehicle,critical,sub
a43e0ed4b3b0d492fb84a3162103ddad,sub-dalmatian-1.jpg,TRUE,1391,A,single,animal,critical,sub
a43e0ed4b3b0d492fb84a3162103ddad,sub-dalmatian-2.jpg,TRUE,2561,A,single,animal,critical,sub
a43e0ed4b3b0d492fb84a3162103ddad,sub-trex-1.jpg,TRUE,5270,A,contrast,beast,critical,sub
a43e0ed4b3b0d492fb84a3162103ddad,sub-trex-2.jpg,TRUE,7945,A,contrast,beast,critical,sub
a43e0ed4b3b0d492fb84a3162103ddad,sub-smart_phone-2.jpg,TRUE,3263,A,single,electronics,critical,sub
a43e0ed4b3b0d492fb84a3162103ddad,sub-smart_phone-1.jpg,TRUE,6609,A,single,electronics,critical,sub
a43e0ed4b3b0d492fb84a3162103ddad,sub-red_apple-2.jpg,TRUE,2250,A,contrast,fruit,critical,sub
a43e0ed4b3b0d492fb84a3162103ddad,sub-red_apple-1.jpg,TRUE,2776,A,contrast,fruit,critical,sub
a43e0ed4b3b0d492fb84a3162103ddad,sub-wooden_chair-2.jpg,TRUE,1075,A,single,furniture,critical,sub
a43e0ed4b3b0d492fb84a3162103ddad,sub-gooseneck_lamp-1.jpg,TRUE,5334,A,contrast,light,critical,sub
a43e0ed4b3b0d492fb84a3162103ddad,sub-gooseneck_lamp-2.jpg,TRUE,5786,A,contrast,light,critical,sub
a43e0ed4b3b0d492fb84a3162103ddad,sub-green_pepper-1.jpg,TRUE,1632,A,single,vegetable,critical,sub
a43e0ed4b3b0d492fb84a3162103ddad,sub-green_pepper-2.jpg,TRUE,2270,A,single,vegetable,critical,sub
a43e0ed4b3b0d492fb84a3162103ddad,sub-racecar-1.jpg,TRUE,11541,A,contrast,vehicle,critical,sub
a43e0ed4b3b0d492fb84a3162103ddad,sub-racecar-2.jpg,TRUE,12720,A,contrast,vehicle,critical,sub
cf7729441664c6ff07c19f4ee9d66569,sub-dalmatian-1.jpg,TRUE,1855,A,single,animal,critical,sub
cf7729441664c6ff07c19f4ee9d66569,sub-dalmatian-2.jpg,TRUE,2599,A,single,animal,critical,sub
cf7729441664c6ff07c19f4ee9d66569,sub-trex-2.jpg,TRUE,2014,A,contrast,beast,critical,sub
cf7729441664c6ff07c19f4ee9d66569,sup-beast-2.jpg,TRUE,3355,A,contrast,beast,critical,sup
cf7729441664c6ff07c19f4ee9d66569,sub-trex-1.jpg,TRUE,5773,A,contrast,beast,critical,sub
cf7729441664c6ff07c19f4ee9d66569,sub-smart_phone-2.jpg,TRUE,2387,A,single,electronics,critical,sub
cf7729441664c6ff07c19f4ee9d66569,sub-red_apple-2.jpg,TRUE,1772,A,contrast,fruit,critical,sub
cf7729441664c6ff07c19f4ee9d66569,sub-red_apple-1.jpg,TRUE,2373,A,contrast,fruit,critical,sub
cf7729441664c6ff07c19f4ee9d66569,sub-wooden_chair-2.jpg,TRUE,1975,A,single,furniture,critical,sub
cf7729441664c6ff07c19f4ee9d66569,sub-gooseneck_lamp-2.jpg,TRUE,2845,A,contrast,light,critical,sub
cf7729441664c6ff07c19f4ee9d66569,sub-gooseneck_lamp-1.jpg,TRUE,3581,A,contrast,light,critical,sub
cf7729441664c6ff07c19f4ee9d66569,sub-green_pepper-2.jpg,TRUE,2461,A,single,vegetable,critical,sub
cf7729441664c6ff07c19f4ee9d66569,sub-green_pepper-1.jpg,TRUE,3154,A,single,vegetable,critical,sub
cf7729441664c6ff07c19f4ee9d66569,sub-racecar-1.jpg,TRUE,2812,A,contrast,vehicle,critical,sub
cf7729441664c6ff07c19f4ee9d66569,sub-racecar-2.jpg,TRUE,3695,A,contrast,vehicle,critical,sub
ab0f803ccc42ac33b2bdb69f376037a0,sub-dalmatian-1.jpg,TRUE,2427,A,single,animal,critical,sub
ab0f803ccc42ac33b2bdb69f376037a0,sub-dalmatian-2.jpg,TRUE,4886,A,single,animal,critical,sub
ab0f803ccc42ac33b2bdb69f376037a0,sub-trex-2.jpg,TRUE,4553,A,contrast,beast,critical,sub
ab0f803ccc42ac33b2bdb69f376037a0,sub-trex-1.jpg,TRUE,6860,A,contrast,beast,critical,sub
ab0f803ccc42ac33b2bdb69f376037a0,contrast-flip_phone-2.jpg,TRUE,2838,A,single,electronics,critical,basic
ab0f803ccc42ac33b2bdb69f376037a0,contrast-flip_phone-1.jpg,TRUE,3414,A,single,electronics,critical,basic
ab0f803ccc42ac33b2bdb69f376037a0,sub-smart_phone-2.jpg,TRUE,4704,A,single,electronics,critical,sub
ab0f803ccc42ac33b2bdb69f376037a0,sub-smart_phone-1.jpg,TRUE,5825,A,single,electronics,critical,sub
ab0f803ccc42ac33b2bdb69f376037a0,sub-red_apple-1.jpg,TRUE,2324,A,contrast,fruit,critical,sub
ab0f803ccc42ac33b2bdb69f376037a0,sub-red_apple-2.jpg,TRUE,3495,A,contrast,fruit,critical,sub
ab0f803ccc42ac33b2bdb69f376037a0,sub-wooden_chair-2.jpg,TRUE,1331,A,single,furniture,critical,sub
ab0f803ccc42ac33b2bdb69f376037a0,sub-wooden_chair-1.jpg,TRUE,4327,A,single,furniture,critical,sub
ab0f803ccc42ac33b2bdb69f376037a0,basic-chair-3.jpg,TRUE,5692,A,single,furniture,critical,basic
ab0f803ccc42ac33b2bdb69f376037a0,basic-chair-1.jpg,TRUE,6641,A,single,furniture,critical,basic
ab0f803ccc42ac33b2bdb69f376037a0,sub-gooseneck_lamp-1.jpg,TRUE,3053,A,contrast,light,critical,sub
ab0f803ccc42ac33b2bdb69f376037a0,sub-gooseneck_lamp-2.jpg,TRUE,3954,A,contrast,light,critical,sub
ab0f803ccc42ac33b2bdb69f376037a0,contrast-red_pepper-2.jpg,TRUE,5657,A,single,vegetable,critical,basic
ab0f803ccc42ac33b2bdb69f376037a0,sub-green_pepper-2.jpg,TRUE,6422,A,single,vegetable,critical,sub
ab0f803ccc42ac33b2bdb69f376037a0,basic-pepper-2.jpg,TRUE,7234,A,single,vegetable,critical,basic
ab0f803ccc42ac33b2bdb69f376037a0,sub-green_pepper-1.jpg,TRUE,8533,A,single,vegetable,critical,sub
ab0f803ccc42ac33b2bdb69f376037a0,contrast-red_pepper-1.jpg,TRUE,9242,A,single,vegetable,critical,basic
ab0f803ccc42ac33b2bdb69f376037a0,basic-pepper-1.jpg,TRUE,9865,A,single,vegetable,critical,basic
ab0f803ccc42ac33b2bdb69f376037a0,basic-pepper-3.jpg,TRUE,10681,A,single,vegetable,critical,basic
ab0f803ccc42ac33b2bdb69f376037a0,sub-racecar-2.jpg,TRUE,2853,A,contrast,vehicle,critical,sub
ab0f803ccc42ac33b2bdb69f376037a0,basic-car-2.jpg,TRUE,4175,A,contrast,vehicle,critical,basic
ab0f803ccc42ac33b2bdb69f376037a0,sub-racecar-1.jpg,TRUE,5022,A,contrast,vehicle,critical,sub
600b0f69781ac9acf2f2cf857cbee0d5,sub-dalmatian-1.jpg,TRUE,3888,A,single,animal,critical,sub
600b0f69781ac9acf2f2cf857cbee0d5,basic-dog-2.jpg,TRUE,5418,A,single,animal,critical,basic
600b0f69781ac9acf2f2cf857cbee0d5,contrast-corgi-1.jpg,TRUE,6822,A,single,animal,critical,basic
600b0f69781ac9acf2f2cf857cbee0d5,contrast-corgi-2.jpg,TRUE,7876,A,single,animal,critical,basic
600b0f69781ac9acf2f2cf857cbee0d5,sub-dalmatian-2.jpg,TRUE,9734,A,single,animal,critical,sub
600b0f69781ac9acf2f2cf857cbee0d5,basic-dog-1.jpg,TRUE,10846,A,single,animal,critical,basic
600b0f69781ac9acf2f2cf857cbee0d5,basic-dog-3.jpg,TRUE,12544,A,single,animal,critical,basic
600b0f69781ac9acf2f2cf857cbee0d5,sup-beast-2.jpg,TRUE,6875,A,contrast,beast,critical,sup
600b0f69781ac9acf2f2cf857cbee0d5,sub-trex-2.jpg,TRUE,8704,A,contrast,beast,critical,sub
600b0f69781ac9acf2f2cf857cbee0d5,basic-dinosaur-2.jpg,TRUE,10209,A,contrast,beast,critical,basic
600b0f69781ac9acf2f2cf857cbee0d5,basic-dinosaur-1.jpg,TRUE,13178,A,contrast,beast,critical,basic
600b0f69781ac9acf2f2cf857cbee0d5,sup-beast-2.jpg,FALSE,16804,A,contrast,beast,critical,sup
600b0f69781ac9acf2f2cf857cbee0d5,basic-dinosaur-3.jpg,TRUE,18755,A,contrast,beast,critical,basic
600b0f69781ac9acf2f2cf857cbee0d5,sub-trex-1.jpg,TRUE,20186,A,contrast,beast,critical,sub
600b0f69781ac9acf2f2cf857cbee0d5,sup-beast-1.jpg,TRUE,21191,A,contrast,beast,critical,sup
600b0f69781ac9acf2f2cf857cbee0d5,contrast-flip_phone-1.jpg,TRUE,3605,A,single,electronics,critical,basic
600b0f69781ac9acf2f2cf857cbee0d5,contrast-flip_phone-2.jpg,TRUE,6321,A,single,electronics,critical,basic
600b0f69781ac9acf2f2cf857cbee0d5,sub-smart_phone-2.jpg,TRUE,8878,A,single,electronics,critical,sub
600b0f69781ac9acf2f2cf857cbee0d5,sub-smart_phone-1.jpg,TRUE,10210,A,single,electronics,critical,sub
600b0f69781ac9acf2f2cf857cbee0d5,sub-red_apple-1.jpg,TRUE,6713,A,contrast,fruit,critical,sub
600b0f69781ac9acf2f2cf857cbee0d5,sub-red_apple-2.jpg,TRUE,8022,A,contrast,fruit,critical,sub
600b0f69781ac9acf2f2cf857cbee0d5,contrast-office_chair-2.jpg,TRUE,3024,A,single,furniture,critical,basic
600b0f69781ac9acf2f2cf857cbee0d5,sub-wooden_chair-2.jpg,TRUE,4524,A,single,furniture,critical,sub
600b0f69781ac9acf2f2cf857cbee0d5,basic-chair-3.jpg,TRUE,5702,A,single,furniture,critical,basic
600b0f69781ac9acf2f2cf857cbee0d5,contrast-office_chair-1.jpg,TRUE,7229,A,single,furniture,critical,basic
600b0f69781ac9acf2f2cf857cbee0d5,sub-wooden_chair-1.jpg,TRUE,8671,A,single,furniture,critical,sub
600b0f69781ac9acf2f2cf857cbee0d5,basic-chair-2.jpg,TRUE,10890,A,single,furniture,critical,basic
600b0f69781ac9acf2f2cf857cbee0d5,basic-chair-1.jpg,TRUE,11616,A,single,furniture,critical,basic
600b0f69781ac9acf2f2cf857cbee0d5,sub-gooseneck_lamp-1.jpg,TRUE,5894,A,contrast,light,critical,sub
600b0f69781ac9acf2f2cf857cbee0d5,sub-gooseneck_lamp-2.jpg,TRUE,12122,A,contrast,light,critical,sub
600b0f69781ac9acf2f2cf857cbee0d5,sub-green_pepper-1.jpg,TRUE,3405,A,single,vegetable,critical,sub
600b0f69781ac9acf2f2cf857cbee0d5,sub-green_pepper-2.jpg,TRUE,6677,A,single,vegetable,critical,sub
600b0f69781ac9acf2f2cf857cbee0d5,contrast-red_pepper-1.jpg,TRUE,17875,A,single,vegetable,critical,basic
600b0f69781ac9acf2f2cf857cbee0d5,contrast-red_pepper-2.jpg,TRUE,19171,A,single,vegetable,critical,basic
600b0f69781ac9acf2f2cf857cbee0d5,basic-pepper-2.jpg,TRUE,20698,A,single,vegetable,critical,basic
600b0f69781ac9acf2f2cf857cbee0d5,basic-pepper-1.jpg,TRUE,21548,A,single,vegetable,critical,basic
600b0f69781ac9acf2f2cf857cbee0d5,basic-pepper-3.jpg,TRUE,22685,A,single,vegetable,critical,basic
600b0f69781ac9acf2f2cf857cbee0d5,basic-car-3.jpg,TRUE,5530,A,contrast,vehicle,critical,basic
600b0f69781ac9acf2f2cf857cbee0d5,sub-racecar-1.jpg,TRUE,6862,A,contrast,vehicle,critical,sub
600b0f69781ac9acf2f2cf857cbee0d5,sub-racecar-2.jpg,TRUE,8233,A,contrast,vehicle,critical,sub
600b0f69781ac9acf2f2cf857cbee0d5,basic-car-2.jpg,TRUE,11625,A,contrast,vehicle,critical,basic
9a1b56f6bf67bcf108ae83c0c06579e3,sub-dalmatian-1.jpg,TRUE,9107,A,single,animal,critical,sub
9a1b56f6bf67bcf108ae83c0c06579e3,basic-dog-2.jpg,TRUE,10451,A,single,animal,critical,basic
9a1b56f6bf67bcf108ae83c0c06579e3,contrast-corgi-2.jpg,TRUE,11441,A,single,animal,critical,basic
9a1b56f6bf67bcf108ae83c0c06579e3,contrast-corgi-1.jpg,TRUE,12412,A,single,animal,critical,basic
9a1b56f6bf67bcf108ae83c0c06579e3,basic-dog-3.jpg,TRUE,16002,A,single,animal,critical,basic
9a1b56f6bf67bcf108ae83c0c06579e3,sub-dalmatian-2.jpg,TRUE,17325,A,single,animal,critical,sub
9a1b56f6bf67bcf108ae83c0c06579e3,basic-dog-1.jpg,TRUE,20322,A,single,animal,critical,basic
9a1b56f6bf67bcf108ae83c0c06579e3,sub-trex-2.jpg,TRUE,9302,A,contrast,beast,critical,sub
9a1b56f6bf67bcf108ae83c0c06579e3,basic-dinosaur-1.jpg,TRUE,11829,A,contrast,beast,critical,basic
9a1b56f6bf67bcf108ae83c0c06579e3,basic-dinosaur-3.jpg,TRUE,14067,A,contrast,beast,critical,basic
9a1b56f6bf67bcf108ae83c0c06579e3,sub-trex-1.jpg,TRUE,15288,A,contrast,beast,critical,sub
9a1b56f6bf67bcf108ae83c0c06579e3,basic-dinosaur-2.jpg,TRUE,17581,A,contrast,beast,critical,basic
9a1b56f6bf67bcf108ae83c0c06579e3,sup-beast-1.jpg,TRUE,22957,A,contrast,beast,critical,sup
9a1b56f6bf67bcf108ae83c0c06579e3,sup-beast-1.jpg,FALSE,32108,A,contrast,beast,critical,sup
9a1b56f6bf67bcf108ae83c0c06579e3,contrast-flip_phone-1.jpg,TRUE,3179,A,single,electronics,critical,basic
9a1b56f6bf67bcf108ae83c0c06579e3,contrast-flip_phone-2.jpg,TRUE,3966,A,single,electronics,critical,basic
9a1b56f6bf67bcf108ae83c0c06579e3,sub-smart_phone-2.jpg,TRUE,5153,A,single,electronics,critical,sub
9a1b56f6bf67bcf108ae83c0c06579e3,sub-smart_phone-1.jpg,TRUE,7408,A,single,electronics,critical,sub
9a1b56f6bf67bcf108ae83c0c06579e3,sub-red_apple-1.jpg,TRUE,6734,A,contrast,fruit,critical,sub
9a1b56f6bf67bcf108ae83c0c06579e3,sub-red_apple-2.jpg,TRUE,8138,A,contrast,fruit,critical,sub
9a1b56f6bf67bcf108ae83c0c06579e3,sub-wooden_chair-2.jpg,TRUE,2244,A,single,furniture,critical,sub
9a1b56f6bf67bcf108ae83c0c06579e3,basic-chair-3.jpg,TRUE,3365,A,single,furniture,critical,basic
9a1b56f6bf67bcf108ae83c0c06579e3,contrast-office_chair-1.jpg,TRUE,4670,A,single,furniture,critical,basic
9a1b56f6bf67bcf108ae83c0c06579e3,sub-wooden_chair-1.jpg,TRUE,5942,A,single,furniture,critical,sub
9a1b56f6bf67bcf108ae83c0c06579e3,contrast-office_chair-2.jpg,TRUE,7679,A,single,furniture,critical,basic
9a1b56f6bf67bcf108ae83c0c06579e3,basic-chair-2.jpg,TRUE,9818,A,single,furniture,critical,basic
9a1b56f6bf67bcf108ae83c0c06579e3,basic-chair-1.jpg,TRUE,10639,A,single,furniture,critical,basic
9a1b56f6bf67bcf108ae83c0c06579e3,sup-fruit-3.jpg,TRUE,319,A,contrast,light,critical,other
9a1b56f6bf67bcf108ae83c0c06579e3,contrast-desk_lamp-1.jpg,TRUE,11309,A,contrast,light,critical,contrast
9a1b56f6bf67bcf108ae83c0c06579e3,contrast-desk_lamp-2.jpg,TRUE,13297,A,contrast,light,critical,contrast
9a1b56f6bf67bcf108ae83c0c06579e3,sub-gooseneck_lamp-1.jpg,TRUE,15369,A,contrast,light,critical,sub
9a1b56f6bf67bcf108ae83c0c06579e3,sub-gooseneck_lamp-2.jpg,TRUE,19585,A,contrast,light,critical,sub
9a1b56f6bf67bcf108ae83c0c06579e3,basic-lamp-3.jpg,TRUE,23150,A,contrast,light,critical,basic
9a1b56f6bf67bcf108ae83c0c06579e3,sub-green_pepper-1.jpg,TRUE,7112,A,single,vegetable,critical,sub
9a1b56f6bf67bcf108ae83c0c06579e3,basic-car-3.jpg,TRUE,6770,A,contrast,vehicle,critical,basic
9a1b56f6bf67bcf108ae83c0c06579e3,sub-racecar-1.jpg,TRUE,7856,A,contrast,vehicle,critical,sub
9a1b56f6bf67bcf108ae83c0c06579e3,sub-racecar-2.jpg,TRUE,9063,A,contrast,vehicle,critical,sub
9a1b56f6bf67bcf108ae83c0c06579e3,basic-car-2.jpg,TRUE,12424,A,contrast,vehicle,critical,basic
f0ac8188d99231af0ad7cb795a2d876b,sub-dalmatian-1.jpg,TRUE,8051,A,single,animal,critical,sub
f0ac8188d99231af0ad7cb795a2d876b,sub-dalmatian-2.jpg,TRUE,9864,A,single,animal,critical,sub
f0ac8188d99231af0ad7cb795a2d876b,sub-trex-1.jpg,TRUE,3756,A,contrast,beast,critical,sub
f0ac8188d99231af0ad7cb795a2d876b,sub-smart_phone-2.jpg,TRUE,3261,A,single,electronics,critical,sub
f0ac8188d99231af0ad7cb795a2d876b,sub-smart_phone-1.jpg,TRUE,4391,A,single,electronics,critical,sub
f0ac8188d99231af0ad7cb795a2d876b,sub-red_apple-1.jpg,TRUE,2244,A,contrast,fruit,critical,sub
f0ac8188d99231af0ad7cb795a2d876b,sub-red_apple-2.jpg,TRUE,3715,A,contrast,fruit,critical,sub
f0ac8188d99231af0ad7cb795a2d876b,sub-wooden_chair-2.jpg,TRUE,1900,A,single,furniture,critical,sub
f0ac8188d99231af0ad7cb795a2d876b,sub-wooden_chair-1.jpg,TRUE,5340,A,single,furniture,critical,sub
f0ac8188d99231af0ad7cb795a2d876b,sub-gooseneck_lamp-1.jpg,TRUE,3510,A,contrast,light,critical,sub
f0ac8188d99231af0ad7cb795a2d876b,sub-gooseneck_lamp-2.jpg,TRUE,6197,A,contrast,light,critical,sub
f0ac8188d99231af0ad7cb795a2d876b,sub-green_pepper-1.jpg,TRUE,2134,A,single,vegetable,critical,sub
f0ac8188d99231af0ad7cb795a2d876b,sub-green_pepper-2.jpg,TRUE,7482,A,single,vegetable,critical,sub
f0ac8188d99231af0ad7cb795a2d876b,sub-racecar-1.jpg,TRUE,4322,A,contrast,vehicle,critical,sub
f0ac8188d99231af0ad7cb795a2d876b,sub-racecar-2.jpg,TRUE,6172,A,contrast,vehicle,critical,sub
