participant,group,labelled,target,item,trial,basic_n,contrast_n,sub_n,sup_n,other_n,basic_prop,contrast_prop,sub_prop,sup_prop,other_prop,coding
c0f4d1afd9d1cc00a8f683f2284eadc4,B,FALSE,label2,animal,critical,3,2,2,1,0,1,1,1,0.2,0,Other
c0f4d1afd9d1cc00a8f683f2284eadc4,B,FALSE,label1,beast,critical,3,2,2,2,0,1,1,1,0.4,0,Other
c0f4d1afd9d1cc00a8f683f2284eadc4,B,TRUE,label2,electronics,critical,0,0,1,0,0,0,0,0.5,0,0,Other
c0f4d1afd9d1cc00a8f683f2284eadc4,B,TRUE,label1,fruit,critical,0,1,0,2,0,0,0.5,0,0.4,0,Other
c0f4d1afd9d1cc00a8f683f2284eadc4,B,FALSE,label2,furniture,critical,0,0,2,0,0,0,0,1,0,0,Subordinate
c0f4d1afd9d1cc00a8f683f2284eadc4,B,FALSE,label1,light,critical,0,0,2,0,0,0,0,1,0,0,Subordinate
c0f4d1afd9d1cc00a8f683f2284eadc4,B,TRUE,label2,vegetable,critical,0,0,2,0,0,0,0,1,0,0,Subordinate
c0f4d1afd9d1cc00a8f683f2284eadc4,B,TRUE,label1,vehicle,critical,0,2,0,0,0,0,1,0,0,0,Other
b423dc04379c46ece861d12beeb3b62e,C,TRUE,label1,animal,critical,0,0,2,0,0,0,0,1,0,0,Subordinate
b423dc04379c46ece861d12beeb3b62e,C,FALSE,label1,beast,critical,0,0,2,0,0,0,0,1,0,0,Subordinate
b423dc04379c46ece861d12beeb3b62e,C,TRUE,label2,electronics,critical,0,0,2,0,0,0,0,1,0,0,Subordinate
b423dc04379c46ece861d12beeb3b62e,C,FALSE,label2,fruit,critical,0,0,2,0,0,0,0,1,0,0,Subordinate
b423dc04379c46ece861d12beeb3b62e,C,TRUE,label1,furniture,critical,0,0,2,0,0,0,0,1,0,0,Subordinate
b423dc04379c46ece861d12beeb3b62e,C,FALSE,label1,light,critical,0,0,2,0,0,0,0,1,0,0,Subordinate
b423dc04379c46ece861d12beeb3b62e,C,TRUE,label2,vegetable,critical,0,0,2,0,0,0,0,1,0,0,Subordinate
b423dc04379c46ece861d12beeb3b62e,C,FALSE,label2,vehicle,critical,0,0,2,0,0,0,0,1,0,0,Subordinate
04ac69ff925d3929ad20bb53cdb584d1,A,TRUE,label1,animal,critical,0,0,2,0,0,0,0,1,0,0,Subordinate
04ac69ff925d3929ad20bb53cdb584d1,A,TRUE,label2,beast,critical,0,0,2,0,0,0,0,1,0,0,Subordinate
04ac69ff925d3929ad20bb53cdb584d1,A,FALSE,label1,electronics,critical,3,2,2,0,0,1,1,1,0,0,Basic
04ac69ff925d3929ad20bb53cdb584d1,A,FALSE,label2,fruit,critical,0,0,2,0,0,0,0,1,0,0,Subordinate
04ac69ff925d3929ad20bb53cdb584d1,A,TRUE,label1,furniture,critical,0,0,2,0,0,0,0,1,0,0,Subordinate
04ac69ff925d3929ad20bb53cdb584d1,A,TRUE,label2,light,critical,0,0,2,0,0,0,0,1,0,0,Subordinate
04ac69ff925d3929ad20bb53cdb584d1,A,FALSE,label1,vegetable,critical,0,0,2,0,0,0,0,1,0,0,Subordinate
04ac69ff925d3929ad20bb53cdb584d1,A,FALSE,label2,vehicle,critical,0,0,2,0,0,0,0,1,0,0,Subordinate
3945f62ca0da6d6a029f6c8869c2261e,B,FALSE,label2,animal,critical,3,2,2,0,0,1,1,1,0,0,Basic
3945f62ca0da6d6a029f6c8869c2261e,B,FALSE,label1,beast,critical,3,2,2,0,0,1,1,1,0,0,Basic
3945f62ca0da6d6a029f6c8869c2261e,B,TRUE,label2,electronics,critical,0,0,2,0,0,0,0,1,0,0,Subordinate
3945f62ca0da6d6a029f6c8869c2261e,B,TRUE,label1,fruit,critical,1,0,2,0,0,0.3333333333333333,0,1,0,0,Subordinate
3945f62ca0da6d6a029f6c8869c2261e,B,FALSE,label2,furniture,critical,3,2,2,0,0,1,1,1,0,0,Basic
3945f62ca0da6d6a029f6c8869c2261e,B,FALSE,label1,light,critical,0,2,2,0,0,0,1,1,0,0,Basic
3945f62ca0da6d6a029f6c8869c2261e,B,TRUE,label2,vegetable,critical,0,0,2,0,0,0,0,1,0,0,Subordinate
3945f62ca0da6d6a029f6c8869c2261e,B,TRUE,label1,vehicle,critical,3,0,1,0,0,1,0,0.5,0,0,Other
20e969ca737e75c4c9c5be3ec87d8e24,C,TRUE,label1,animal,critical,0,0,2,0,0,0,0,1,0,0,Subordinate
20e969ca737e75c4c9c5be3ec87d8e24,C,FALSE,label1,beast,critical,0,0,2,0,0,0,0,1,0,0,Subordinate
20e969ca737e75c4c9c5be3ec87d8e24,C,TRUE,label2,electronics,critical,0,0,2,0,0,0,0,1,0,0,Subordinate
20e969ca737e75c4c9c5be3ec87d8e24,C,FALSE,label2,fruit,critical,0,0,2,0,0,0,0,1,0,0,Subordinate
20e969ca737e75c4c9c5be3ec87d8e24,C,TRUE,label1,furniture,critical,0,0,2,0,0,0,0,1,0,0,Subordinate
20e969ca737e75c4c9c5be3ec87d8e24,C,FALSE,label1,light,critical,0,0,2,0,0,0,0,1,0,0,Subordinate
20e969ca737e75c4c9c5be3ec87d8e24,C,TRUE,label2,vegetable,critical,0,0,2,0,0,0,0,1,0,0,Subordinate
20e969ca737e75c4c9c5be3ec87d8e24,C,FALSE,label2,vehicle,critical,0,0,2,0,0,0,0,1,0,0,Subordinate
f10dfcc620ad3ddbfc593483dd543594,D,FALSE,label2,animal,critical,3,2,2,0,0,1,1,1,0,0,Basic
f10dfcc620ad3ddbfc593483dd543594,D,TRUE,label2,beast,critical,0,0,2,0,0,0,0,1,0,0,Subordinate
f10dfcc620ad3ddbfc593483dd543594,D,FALSE,label1,electronics,critical,0,2,2,0,0,0,1,1,0,0,Basic
f10dfcc620ad3ddbfc593483dd543594,D,TRUE,label1,fruit,critical,3,2,2,0,0,1,1,1,0,0,Basic
f10dfcc620ad3ddbfc593483dd543594,D,FALSE,label2,furniture,critical,3,2,2,0,0,1,1,1,0,0,Basic
f10dfcc620ad3ddbfc593483dd543594,D,TRUE,label2,light,critical,0,0,2,0,0,0,0,1,0,0,Subordinate
f10dfcc620ad3ddbfc593483dd543594,D,FALSE,label1,vegetable,critical,3,2,2,0,0,1,1,1,0,0,Basic
f10dfcc620ad3ddbfc593483dd543594,D,TRUE,label1,vehicle,critical,3,0,2,0,0,1,0,1,0,0,Subordinate
fd0ccb518d33cef385b803f334e11c0f,A,TRUE,label1,animal,critical,0,0,2,0,0,0,0,1,0,0,Subordinate
fd0ccb518d33cef385b803f334e11c0f,A,TRUE,label2,beast,critical,0,0,2,0,0,0,0,1,0,0,Subordinate
fd0ccb518d33cef385b803f334e11c0f,A,FALSE,label1,electronics,critical,2,2,2,0,0,0.6666666666666666,1,1,0,0,Basic
fd0ccb518d33cef385b803f334e11c0f,A,FALSE,label2,fruit,critical,0,0,2,0,0,0,0,1,0,0,Subordinate
fd0ccb518d33cef385b803f334e11c0f,A,TRUE,label1,furniture,critical,1,0,2,0,0,0.3333333333333333,0,1,0,0,Subordinate
fd0ccb518d33cef385b803f334e11c0f,A,TRUE,label2,light,critical,0,1,2,0,0,0,0.5,1,0,0,Other
fd0ccb518d33cef385b803f334e11c0f,A,FALSE,label1,vegetable,critical,0,0,2,0,0,0,0,1,0,0,Subordinate
fd0ccb518d33cef385b803f334e11c0f,A,FALSE,label2,vehicle,critical,0,0,2,0,0,0,0,1,0,0,Subordinate
6ba8f91e26b45879186a303b1524e8b3,B,FALSE,label2,animal,critical,0,0,2,0,0,0,0,1,0,0,Subordinate
6ba8f91e26b45879186a303b1524e8b3,B,FALSE,label1,beast,critical,3,2,2,2,0,1,1,1,0.4,0,Other
6ba8f91e26b45879186a303b1524e8b3,B,TRUE,label2,electronics,critical,0,0,2,0,0,0,0,1,0,0,Subordinate
6ba8f91e26b45879186a303b1524e8b3,B,TRUE,label1,fruit,critical,0,0,2,0,0,0,0,1,0,0,Subordinate
6ba8f91e26b45879186a303b1524e8b3,B,FALSE,label2,furniture,critical,0,0,2,0,0,0,0,1,0,0,Subordinate
6ba8f91e26b45879186a303b1524e8b3,B,FALSE,label1,light,critical,0,0,2,0,0,0,0,1,0,0,Subordinate
6ba8f91e26b45879186a303b1524e8b3,B,TRUE,label2,vegetable,critical,0,0,2,0,0,0,0,1,0,0,Subordinate
6ba8f91e26b45879186a303b1524e8b3,B,TRUE,label1,vehicle,critical,0,0,2,0,0,0,0,1,0,0,Subordinate
f9ee20c03c38951c926cb11f6a35a1a4,B,FALSE,label2,animal,critical,3,2,2,0,0,1,1,1,0,0,Basic
f9ee20c03c38951c926cb11f6a35a1a4,B,FALSE,label1,beast,critical,3,2,2,0,0,1,1,1,0,0,Basic
f9ee20c03c38951c926cb11f6a35a1a4,B,TRUE,label2,electronics,critical,0,0,1,0,0,0,0,0.5,0,0,Other
f9ee20c03c38951c926cb11f6a35a1a4,B,TRUE,label1,fruit,critical,0,0,2,0,0,0,0,1,0,0,Subordinate
f9ee20c03c38951c926cb11f6a35a1a4,B,FALSE,label2,furniture,critical,0,0,2,0,0,0,0,1,0,0,Subordinate
f9ee20c03c38951c926cb11f6a35a1a4,B,FALSE,label1,light,critical,0,0,2,0,0,0,0,1,0,0,Subordinate
f9ee20c03c38951c926cb11f6a35a1a4,B,TRUE,label2,vegetable,critical,0,0,2,0,0,0,0,1,0,0,Subordinate
f9ee20c03c38951c926cb11f6a35a1a4,B,TRUE,label1,vehicle,critical,2,0,2,0,0,0.6666666666666666,0,1,0,0,Subordinate
4e41c941665a26bbfafd42844d6493c7,D,FALSE,label2,animal,critical,3,2,2,0,0,1,1,1,0,0,Basic
4e41c941665a26bbfafd42844d6493c7,D,TRUE,label2,beast,critical,0,0,2,0,0,0,0,1,0,0,Subordinate
4e41c941665a26bbfafd42844d6493c7,D,FALSE,label1,electronics,critical,0,2,2,0,0,0,1,1,0,0,Basic
4e41c941665a26bbfafd42844d6493c7,D,TRUE,label1,fruit,critical,0,0,2,0,0,0,0,1,0,0,Subordinate
4e41c941665a26bbfafd42844d6493c7,D,FALSE,label2,furniture,critical,3,2,2,0,0,1,1,1,0,0,Basic
4e41c941665a26bbfafd42844d6493c7,D,TRUE,label2,light,critical,0,2,2,0,0,0,1,1,0,0,Basic
4e41c941665a26bbfafd42844d6493c7,D,FALSE,label1,vegetable,critical,0,0,2,0,0,0,0,1,0,0,Subordinate
4e41c941665a26bbfafd42844d6493c7,D,TRUE,label1,vehicle,critical,3,0,2,0,0,1,0,1,0,0,Subordinate
013d9f26300538304abd1f8d4a059967,B,FALSE,label2,animal,critical,0,0,2,0,0,0,0,1,0,0,Subordinate
013d9f26300538304abd1f8d4a059967,B,FALSE,label1,beast,critical,0,0,2,0,0,0,0,1,0,0,Subordinate
013d9f26300538304abd1f8d4a059967,B,TRUE,label2,electronics,critical,0,0,2,0,0,0,0,1,0,0,Subordinate
013d9f26300538304abd1f8d4a059967,B,TRUE,label1,fruit,critical,0,0,2,0,0,0,0,1,0,0,Subordinate
013d9f26300538304abd1f8d4a059967,B,FALSE,label2,furniture,critical,0,0,2,0,0,0,0,1,0,0,Subordinate
013d9f26300538304abd1f8d4a059967,B,FALSE,label1,light,critical,0,0,2,0,0,0,0,1,0,0,Subordinate
013d9f26300538304abd1f8d4a059967,B,TRUE,label2,vegetable,critical,0,0,1,0,0,0,0,0.5,0,0,Other
013d9f26300538304abd1f8d4a059967,B,TRUE,label1,vehicle,critical,0,0,2,0,0,0,0,1,0,0,Subordinate
fd22a06c80c2f107a1d9b4828172c606,B,FALSE,label2,animal,critical,0,0,2,0,0,0,0,1,0,0,Subordinate
fd22a06c80c2f107a1d9b4828172c606,B,FALSE,label1,beast,critical,0,0,2,0,0,0,0,1,0,0,Subordinate
fd22a06c80c2f107a1d9b4828172c606,B,TRUE,label2,electronics,critical,0,0,2,0,0,0,0,1,0,0,Subordinate
fd22a06c80c2f107a1d9b4828172c606,B,TRUE,label1,fruit,critical,0,0,2,0,0,0,0,1,0,0,Subordinate
fd22a06c80c2f107a1d9b4828172c606,B,FALSE,label2,furniture,critical,0,0,2,0,0,0,0,1,0,0,Subordinate
fd22a06c80c2f107a1d9b4828172c606,B,FALSE,label1,light,critical,0,0,2,0,0,0,0,1,0,0,Subordinate
fd22a06c80c2f107a1d9b4828172c606,B,TRUE,label2,vegetable,critical,0,0,2,0,0,0,0,1,0,0,Subordinate
fd22a06c80c2f107a1d9b4828172c606,B,TRUE,label1,vehicle,critical,0,0,2,0,0,0,0,1,0,0,Subordinate
3d8ba174aa2bd5e81d23e4444ef7db96,A,TRUE,label1,animal,critical,0,0,2,0,0,0,0,1,0,0,Subordinate
3d8ba174aa2bd5e81d23e4444ef7db96,A,TRUE,label2,beast,critical,1,0,2,0,0,0.3333333333333333,0,1,0,0,Subordinate
3d8ba174aa2bd5e81d23e4444ef7db96,A,FALSE,label1,electronics,critical,0,2,1,0,0,0,1,0.5,0,0,Other
3d8ba174aa2bd5e81d23e4444ef7db96,A,FALSE,label2,fruit,critical,0,0,2,0,0,0,0,1,0,0,Subordinate
3d8ba174aa2bd5e81d23e4444ef7db96,A,TRUE,label1,furniture,critical,0,0,2,0,0,0,0,1,0,0,Subordinate
3d8ba174aa2bd5e81d23e4444ef7db96,A,TRUE,label2,light,critical,0,0,2,0,0,0,0,1,0,0,Subordinate
3d8ba174aa2bd5e81d23e4444ef7db96,A,FALSE,label1,vegetable,critical,0,0,2,0,0,0,0,1,0,0,Subordinate
3d8ba174aa2bd5e81d23e4444ef7db96,A,FALSE,label2,vehicle,critical,0,0,2,0,0,0,0,1,0,0,Subordinate
94babd96d43bab8cdd1ccc945c4688fb,D,FALSE,label2,animal,critical,3,2,2,0,0,1,1,1,0,0,Basic
94babd96d43bab8cdd1ccc945c4688fb,D,TRUE,label2,beast,critical,0,0,2,0,0,0,0,1,0,0,Subordinate
94babd96d43bab8cdd1ccc945c4688fb,D,FALSE,label1,electronics,critical,0,2,2,0,0,0,1,1,0,0,Basic
94babd96d43bab8cdd1ccc945c4688fb,D,TRUE,label1,fruit,critical,0,0,2,0,0,0,0,1,0,0,Subordinate
94babd96d43bab8cdd1ccc945c4688fb,D,FALSE,label2,furniture,critical,3,2,2,0,0,1,1,1,0,0,Basic
94babd96d43bab8cdd1ccc945c4688fb,D,TRUE,label2,light,critical,0,0,2,0,0,0,0,1,0,0,Subordinate
94babd96d43bab8cdd1ccc945c4688fb,D,FALSE,label1,vegetable,critical,3,2,2,0,0,1,1,1,0,0,Basic
94babd96d43bab8cdd1ccc945c4688fb,D,TRUE,label1,vehicle,critical,3,0,2,0,0,1,0,1,0,0,Subordinate
053700a517aa7e6f6889271eaaf20b07,B,FALSE,label2,animal,critical,3,2,2,0,0,1,1,1,0,0,Basic
053700a517aa7e6f6889271eaaf20b07,B,FALSE,label1,beast,critical,0,0,2,0,0,0,0,1,0,0,Subordinate
053700a517aa7e6f6889271eaaf20b07,B,TRUE,label2,electronics,critical,0,0,2,0,0,0,0,1,0,0,Subordinate
053700a517aa7e6f6889271eaaf20b07,B,TRUE,label1,fruit,critical,0,2,0,0,0,0,1,0,0,0,Other
053700a517aa7e6f6889271eaaf20b07,B,FALSE,label2,furniture,critical,0,0,2,0,0,0,0,1,0,0,Subordinate
053700a517aa7e6f6889271eaaf20b07,B,FALSE,label1,light,critical,0,0,2,0,0,0,0,1,0,0,Subordinate
053700a517aa7e6f6889271eaaf20b07,B,TRUE,label2,vegetable,critical,0,0,2,0,0,0,0,1,0,0,Subordinate
053700a517aa7e6f6889271eaaf20b07,B,TRUE,label1,vehicle,critical,2,0,2,0,0,0.6666666666666666,0,1,0,0,Subordinate
e0edee78447903aad101f9ec3b0293fc,D,FALSE,label2,animal,critical,3,2,2,0,0,1,1,1,0,0,Basic
e0edee78447903aad101f9ec3b0293fc,D,TRUE,label2,beast,critical,0,0,2,0,0,0,0,1,0,0,Subordinate
e0edee78447903aad101f9ec3b0293fc,D,FALSE,label1,electronics,critical,3,2,2,0,0,1,1,1,0,0,Basic
e0edee78447903aad101f9ec3b0293fc,D,TRUE,label1,fruit,critical,0,0,2,0,0,0,0,1,0,0,Subordinate
e0edee78447903aad101f9ec3b0293fc,D,FALSE,label2,furniture,critical,1,2,2,0,0,0.3333333333333333,1,1,0,0,Basic
e0edee78447903aad101f9ec3b0293fc,D,TRUE,label2,light,critical,0,2,2,0,0,0,1,1,0,0,Basic
e0edee78447903aad101f9ec3b0293fc,D,FALSE,label1,vegetable,critical,3,2,2,0,0,1,1,1,0,0,Basic
e0edee78447903aad101f9ec3b0293fc,D,TRUE,label1,vehicle,critical,2,0,2,0,0,0.6666666666666666,0,1,0,0,Subordinate
66b2ba6e6d6238a14c05339fea6d9118,C,TRUE,label1,animal,critical,3,1,2,0,0,1,0.5,1,0,0,Other
66b2ba6e6d6238a14c05339fea6d9118,C,FALSE,label1,beast,critical,3,2,2,0,0,1,1,1,0,0,Basic
66b2ba6e6d6238a14c05339fea6d9118,C,TRUE,label2,electronics,critical,0,0,2,0,0,0,0,1,0,0,Subordinate
66b2ba6e6d6238a14c05339fea6d9118,C,FALSE,label2,fruit,critical,0,1,2,0,0,0,0.5,1,0,0,Other
66b2ba6e6d6238a14c05339fea6d9118,C,TRUE,label1,furniture,critical,2,0,2,0,0,0.6666666666666666,0,1,0,0,Subordinate
66b2ba6e6d6238a14c05339fea6d9118,C,FALSE,label1,light,critical,3,2,2,1,0,1,1,1,0.2,0,Other
66b2ba6e6d6238a14c05339fea6d9118,C,TRUE,label2,vegetable,critical,0,0,2,0,0,0,0,1,0,0,Subordinate
66b2ba6e6d6238a14c05339fea6d9118,C,FALSE,label2,vehicle,critical,2,1,2,0,0,0.6666666666666666,0.5,1,0,0,Other
1b5208a64f850c85c6941ee3e212c876,B,FALSE,label2,animal,critical,0,0,2,0,0,0,0,1,0,0,Subordinate
1b5208a64f850c85c6941ee3e212c876,B,FALSE,label1,beast,critical,0,0,2,0,0,0,0,1,0,0,Subordinate
1b5208a64f850c85c6941ee3e212c876,B,TRUE,label2,electronics,critical,0,0,2,0,0,0,0,1,0,0,Subordinate
1b5208a64f850c85c6941ee3e212c876,B,TRUE,label1,fruit,critical,0,0,2,0,0,0,0,1,0,0,Subordinate
1b5208a64f850c85c6941ee3e212c876,B,FALSE,label2,furniture,critical,0,0,2,0,0,0,0,1,0,0,Subordinate
1b5208a64f850c85c6941ee3e212c876,B,FALSE,label1,light,critical,0,0,2,0,0,0,0,1,0,0,Subordinate
1b5208a64f850c85c6941ee3e212c876,B,TRUE,label2,vegetable,critical,0,0,2,0,0,0,0,1,0,0,Subordinate
1b5208a64f850c85c6941ee3e212c876,B,TRUE,label1,vehicle,critical,0,2,0,0,0,0,1,0,0,0,Other
6a8f8e2853c58df69064ac3d2e421e3a,B,FALSE,label2,animal,critical,3,2,2,0,0,1,1,1,0,0,Basic
6a8f8e2853c58df69064ac3d2e421e3a,B,FALSE,label1,beast,critical,3,1,2,1,0,1,0.5,1,0.2,0,Other
6a8f8e2853c58df69064ac3d2e421e3a,B,TRUE,label2,electronics,critical,0,0,2,0,0,0,0,1,0,0,Subordinate
6a8f8e2853c58df69064ac3d2e421e3a,B,TRUE,label1,fruit,critical,0,0,2,0,0,0,0,1,0,0,Subordinate
6a8f8e2853c58df69064ac3d2e421e3a,B,FALSE,label2,furniture,critical,2,2,2,0,0,0.6666666666666666,1,1,0,0,Basic
6a8f8e2853c58df69064ac3d2e421e3a,B,FALSE,label1,light,critical,1,2,2,0,0,0.3333333333333333,1,1,0,0,Basic
6a8f8e2853c58df69064ac3d2e421e3a,B,TRUE,label2,vegetable,critical,0,0,2,0,0,0,0,1,0,0,Subordinate
6a8f8e2853c58df69064ac3d2e421e3a,B,TRUE,label1,vehicle,critical,2,0,2,0,0,0.6666666666666666,0,1,0,0,Subordinate
12951aa2deeed2a859d31569edee162c,A,TRUE,label1,animal,critical,0,0,2,0,0,0,0,1,0,0,Subordinate
12951aa2deeed2a859d31569edee162c,A,TRUE,label2,beast,critical,1,0,2,0,0,0.3333333333333333,0,1,0,0,Subordinate
12951aa2deeed2a859d31569edee162c,A,FALSE,label1,electronics,critical,0,0,2,0,0,0,0,1,0,0,Subordinate
12951aa2deeed2a859d31569edee162c,A,FALSE,label2,fruit,critical,0,0,2,0,0,0,0,1,0,0,Subordinate
12951aa2deeed2a859d31569edee162c,A,TRUE,label1,furniture,critical,0,0,2,0,0,0,0,1,0,0,Subordinate
12951aa2deeed2a859d31569edee162c,A,TRUE,label2,light,critical,0,0,2,0,0,0,0,1,0,0,Subordinate
12951aa2deeed2a859d31569edee162c,A,FALSE,label1,vegetable,critical,0,0,2,0,0,0,0,1,0,0,Subordinate
12951aa2deeed2a859d31569edee162c,A,FALSE,label2,vehicle,critical,0,0,2,0,0,0,0,1,0,0,Subordinate
bbf74590f383cf6c5e9d2787597ae956,A,TRUE,label1,animal,critical,0,0,2,0,0,0,0,1,0,0,Subordinate
bbf74590f383cf6c5e9d2787597ae956,A,TRUE,label2,beast,critical,0,0,2,0,0,0,0,1,0,0,Subordinate
bbf74590f383cf6c5e9d2787597ae956,A,FALSE,label1,electronics,critical,0,0,2,0,0,0,0,1,0,0,Subordinate
bbf74590f383cf6c5e9d2787597ae956,A,FALSE,label2,fruit,critical,0,0,2,0,0,0,0,1,0,0,Subordinate
bbf74590f383cf6c5e9d2787597ae956,A,TRUE,label1,furniture,critical,0,0,2,0,0,0,0,1,0,0,Subordinate
bbf74590f383cf6c5e9d2787597ae956,A,TRUE,label2,light,critical,0,0,2,0,0,0,0,1,0,0,Subordinate
bbf74590f383cf6c5e9d2787597ae956,A,FALSE,label1,vegetable,critical,0,0,2,0,0,0,0,1,0,0,Subordinate
bbf74590f383cf6c5e9d2787597ae956,A,FALSE,label2,vehicle,critical,0,0,2,0,0,0,0,1,0,0,Subordinate
c99d3bad56527b68823ee7fad3af0e6a,C,TRUE,label1,animal,critical,0,0,2,0,0,0,0,1,0,0,Subordinate
c99d3bad56527b68823ee7fad3af0e6a,C,FALSE,label1,beast,critical,0,0,2,0,0,0,0,1,0,0,Subordinate
c99d3bad56527b68823ee7fad3af0e6a,C,TRUE,label2,electronics,critical,0,0,2,0,0,0,0,1,0,0,Subordinate
c99d3bad56527b68823ee7fad3af0e6a,C,FALSE,label2,fruit,critical,0,0,2,0,0,0,0,1,0,0,Subordinate
c99d3bad56527b68823ee7fad3af0e6a,C,TRUE,label1,furniture,critical,0,0,2,0,0,0,0,1,0,0,Subordinate
c99d3bad56527b68823ee7fad3af0e6a,C,FALSE,label1,light,critical,0,0,2,0,0,0,0,1,0,0,Subordinate
c99d3bad56527b68823ee7fad3af0e6a,C,TRUE,label2,vegetable,critical,0,0,2,0,0,0,0,1,0,0,Subordinate
c99d3bad56527b68823ee7fad3af0e6a,C,FALSE,label2,vehicle,critical,0,0,2,0,0,0,0,1,0,0,Subordinate
1da23d912d56bd17a2bcb0c39b35d772,D,FALSE,label2,animal,critical,0,0,2,0,0,0,0,1,0,0,Subordinate
1da23d912d56bd17a2bcb0c39b35d772,D,TRUE,label2,beast,critical,0,0,2,0,0,0,0,1,0,0,Subordinate
1da23d912d56bd17a2bcb0c39b35d772,D,FALSE,label1,electronics,critical,0,0,2,0,0,0,0,1,0,0,Subordinate
1da23d912d56bd17a2bcb0c39b35d772,D,TRUE,label1,fruit,critical,0,0,2,0,0,0,0,1,0,0,Subordinate
1da23d912d56bd17a2bcb0c39b35d772,D,FALSE,label2,furniture,critical,0,0,2,0,0,0,0,1,0,0,Subordinate
1da23d912d56bd17a2bcb0c39b35d772,D,TRUE,label2,light,critical,0,0,2,0,0,0,0,1,0,0,Subordinate
1da23d912d56bd17a2bcb0c39b35d772,D,FALSE,label1,vegetable,critical,0,0,2,0,0,0,0,1,0,0,Subordinate
1da23d912d56bd17a2bcb0c39b35d772,D,TRUE,label1,vehicle,critical,0,0,2,0,0,0,0,1,0,0,Subordinate
e527afa114eb2b3b5e7c02bc511ae54f,C,TRUE,label1,animal,critical,0,0,2,0,0,0,0,1,0,0,Subordinate
e527afa114eb2b3b5e7c02bc511ae54f,C,FALSE,label1,beast,critical,0,0,2,0,0,0,0,1,0,0,Subordinate
e527afa114eb2b3b5e7c02bc511ae54f,C,TRUE,label2,electronics,critical,0,0,2,0,0,0,0,1,0,0,Subordinate
e527afa114eb2b3b5e7c02bc511ae54f,C,FALSE,label2,fruit,critical,0,0,2,0,0,0,0,1,0,0,Subordinate
e527afa114eb2b3b5e7c02bc511ae54f,C,TRUE,label1,furniture,critical,0,0,2,0,0,0,0,1,0,0,Subordinate
e527afa114eb2b3b5e7c02bc511ae54f,C,FALSE,label1,light,critical,0,0,2,0,0,0,0,1,0,0,Subordinate
e527afa114eb2b3b5e7c02bc511ae54f,C,TRUE,label2,vegetable,critical,0,0,2,0,0,0,0,1,0,0,Subordinate
e527afa114eb2b3b5e7c02bc511ae54f,C,FALSE,label2,vehicle,critical,0,0,2,0,0,0,0,1,0,0,Subordinate
4338b1bfc4f4c4efe5d38bb6b2e6244b,D,FALSE,label2,animal,critical,0,0,2,0,0,0,0,1,0,0,Subordinate
4338b1bfc4f4c4efe5d38bb6b2e6244b,D,TRUE,label2,beast,critical,0,0,2,0,0,0,0,1,0,0,Subordinate
4338b1bfc4f4c4efe5d38bb6b2e6244b,D,FALSE,label1,electronics,critical,0,2,1,0,0,0,1,0.5,0,0,Other
4338b1bfc4f4c4efe5d38bb6b2e6244b,D,TRUE,label1,fruit,critical,0,0,2,0,0,0,0,1,0,0,Subordinate
4338b1bfc4f4c4efe5d38bb6b2e6244b,D,FALSE,label2,furniture,critical,0,0,2,0,0,0,0,1,0,0,Subordinate
4338b1bfc4f4c4efe5d38bb6b2e6244b,D,TRUE,label2,light,critical,0,0,2,0,0,0,0,1,0,0,Subordinate
4338b1bfc4f4c4efe5d38bb6b2e6244b,D,FALSE,label1,vegetable,critical,0,0,2,0,0,0,0,1,0,0,Subordinate
4338b1bfc4f4c4efe5d38bb6b2e6244b,D,TRUE,label1,vehicle,critical,0,0,1,0,0,0,0,0.5,0,0,Other
b165d38774b20983649ab94e2c4a324b,D,FALSE,label2,animal,critical,2,2,2,0,0,0.6666666666666666,1,1,0,0,Basic
b165d38774b20983649ab94e2c4a324b,D,TRUE,label2,beast,critical,1,0,2,0,0,0.3333333333333333,0,1,0,0,Subordinate
b165d38774b20983649ab94e2c4a324b,D,FALSE,label1,electronics,critical,3,2,2,0,0,1,1,1,0,0,Basic
b165d38774b20983649ab94e2c4a324b,D,TRUE,label1,fruit,critical,0,0,2,0,0,0,0,1,0,0,Subordinate
b165d38774b20983649ab94e2c4a324b,D,FALSE,label2,furniture,critical,2,1,2,0,0,0.6666666666666666,0.5,1,0,0,Other
b165d38774b20983649ab94e2c4a324b,D,TRUE,label2,light,critical,0,2,2,0,0,0,1,1,0,0,Basic
b165d38774b20983649ab94e2c4a324b,D,FALSE,label1,vegetable,critical,3,2,2,0,0,1,1,1,0,0,Basic
b165d38774b20983649ab94e2c4a324b,D,TRUE,label1,vehicle,critical,3,0,2,0,0,1,0,1,0,0,Subordinate
c30102234d2c7e07380f532a47a3dc8c,D,FALSE,label2,animal,critical,3,2,2,0,0,1,1,1,0,0,Basic
c30102234d2c7e07380f532a47a3dc8c,D,TRUE,label2,beast,critical,0,0,2,0,0,0,0,1,0,0,Subordinate
c30102234d2c7e07380f532a47a3dc8c,D,FALSE,label1,electronics,critical,0,2,2,0,0,0,1,1,0,0,Basic
c30102234d2c7e07380f532a47a3dc8c,D,TRUE,label1,fruit,critical,0,0,2,0,0,0,0,1,0,0,Subordinate
c30102234d2c7e07380f532a47a3dc8c,D,FALSE,label2,furniture,critical,1,0,2,0,0,0.3333333333333333,0,1,0,0,Subordinate
c30102234d2c7e07380f532a47a3dc8c,D,TRUE,label2,light,critical,0,2,2,0,0,0,1,1,0,0,Basic
c30102234d2c7e07380f532a47a3dc8c,D,FALSE,label1,vegetable,critical,3,2,2,0,0,1,1,1,0,0,Basic
c30102234d2c7e07380f532a47a3dc8c,D,TRUE,label1,vehicle,critical,3,0,2,0,0,1,0,1,0,0,Subordinate
97b3eb11151a7e3b82f1bc00badd89a8,A,TRUE,label1,animal,critical,0,0,2,0,0,0,0,1,0,0,Subordinate
97b3eb11151a7e3b82f1bc00badd89a8,A,TRUE,label2,beast,critical,1,0,0,0,0,0.3333333333333333,0,0,0,0,Other
97b3eb11151a7e3b82f1bc00badd89a8,A,FALSE,label1,electronics,critical,0,0,2,0,0,0,0,1,0,0,Subordinate
97b3eb11151a7e3b82f1bc00badd89a8,A,FALSE,label2,fruit,critical,1,0,2,0,0,0.3333333333333333,0,1,0,0,Subordinate
97b3eb11151a7e3b82f1bc00badd89a8,A,TRUE,label1,furniture,critical,0,0,2,0,0,0,0,1,0,0,Subordinate
97b3eb11151a7e3b82f1bc00badd89a8,A,TRUE,label2,light,critical,0,0,2,0,0,0,0,1,0,0,Subordinate
97b3eb11151a7e3b82f1bc00badd89a8,A,FALSE,label1,vegetable,critical,0,0,2,0,0,0,0,1,0,0,Subordinate
97b3eb11151a7e3b82f1bc00badd89a8,A,FALSE,label2,vehicle,critical,0,0,2,0,0,0,0,1,0,0,Subordinate
6916379587efd8a9ee6ff3f8a4226ffe,B,FALSE,label2,animal,critical,0,0,2,0,0,0,0,1,0,0,Subordinate
6916379587efd8a9ee6ff3f8a4226ffe,B,FALSE,label1,beast,critical,0,0,2,0,0,0,0,1,0,0,Subordinate
6916379587efd8a9ee6ff3f8a4226ffe,B,TRUE,label2,electronics,critical,0,0,2,0,0,0,0,1,0,0,Subordinate
6916379587efd8a9ee6ff3f8a4226ffe,B,TRUE,label1,fruit,critical,2,0,0,0,0,0.6666666666666666,0,0,0,0,Other
6916379587efd8a9ee6ff3f8a4226ffe,B,FALSE,label2,furniture,critical,0,0,2,0,0,0,0,1,0,0,Subordinate
6916379587efd8a9ee6ff3f8a4226ffe,B,FALSE,label1,light,critical,0,0,2,0,0,0,0,1,0,0,Subordinate
6916379587efd8a9ee6ff3f8a4226ffe,B,TRUE,label2,vegetable,critical,0,0,2,0,0,0,0,1,0,0,Subordinate
6916379587efd8a9ee6ff3f8a4226ffe,B,TRUE,label1,vehicle,critical,0,0,2,0,0,0,0,1,0,0,Subordinate
7a8859187515ddbe1708d8360545a689,A,TRUE,label1,animal,critical,0,0,2,0,0,0,0,1,0,0,Subordinate
7a8859187515ddbe1708d8360545a689,A,TRUE,label2,beast,critical,0,0,2,0,0,0,0,1,0,0,Subordinate
7a8859187515ddbe1708d8360545a689,A,FALSE,label1,electronics,critical,0,0,2,0,0,0,0,1,0,0,Subordinate
7a8859187515ddbe1708d8360545a689,A,FALSE,label2,fruit,critical,0,0,2,0,0,0,0,1,0,0,Subordinate
7a8859187515ddbe1708d8360545a689,A,TRUE,label1,furniture,critical,0,2,2,0,0,0,1,1,0,0,Basic
7a8859187515ddbe1708d8360545a689,A,TRUE,label2,light,critical,0,0,2,0,0,0,0,1,0,0,Subordinate
7a8859187515ddbe1708d8360545a689,A,FALSE,label1,vegetable,critical,0,0,2,0,0,0,0,1,0,0,Subordinate
7a8859187515ddbe1708d8360545a689,A,FALSE,label2,vehicle,critical,0,0,2,0,0,0,0,1,0,0,Subordinate
86fe9e075c1ff71d6dba5b55c97edfff,B,FALSE,label2,animal,critical,3,2,2,0,0,1,1,1,0,0,Basic
86fe9e075c1ff71d6dba5b55c97edfff,B,FALSE,label1,beast,critical,3,2,2,1,0,1,1,1,0.2,0,Other
86fe9e075c1ff71d6dba5b55c97edfff,B,TRUE,label2,electronics,critical,0,0,2,0,0,0,0,1,0,0,Subordinate
86fe9e075c1ff71d6dba5b55c97edfff,B,TRUE,label1,fruit,critical,0,0,2,0,0,0,0,1,0,0,Subordinate
86fe9e075c1ff71d6dba5b55c97edfff,B,FALSE,label2,furniture,critical,3,2,2,0,0,1,1,1,0,0,Basic
86fe9e075c1ff71d6dba5b55c97edfff,B,FALSE,label1,light,critical,0,0,2,0,0,0,0,1,0,0,Subordinate
86fe9e075c1ff71d6dba5b55c97edfff,B,TRUE,label2,vegetable,critical,0,0,2,0,0,0,0,1,0,0,Subordinate
86fe9e075c1ff71d6dba5b55c97edfff,B,TRUE,label1,vehicle,critical,0,0,2,0,0,0,0,1,0,0,Subordinate
4348cce72900dc2b2ca77e7b9d0d1189,B,FALSE,label2,animal,critical,3,2,2,0,0,1,1,1,0,0,Basic
4348cce72900dc2b2ca77e7b9d0d1189,B,FALSE,label1,beast,critical,3,2,2,3,0,1,1,1,0.6,0,Other
4348cce72900dc2b2ca77e7b9d0d1189,B,TRUE,label2,electronics,critical,0,2,2,0,0,0,1,1,0,0,Basic
4348cce72900dc2b2ca77e7b9d0d1189,B,TRUE,label1,fruit,critical,1,0,2,0,0,0.3333333333333333,0,1,0,0,Subordinate
4348cce72900dc2b2ca77e7b9d0d1189,B,FALSE,label2,furniture,critical,3,2,2,0,0,1,1,1,0,0,Basic
4348cce72900dc2b2ca77e7b9d0d1189,B,FALSE,label1,light,critical,3,2,2,1,0,1,1,1,0.2,0,Other
4348cce72900dc2b2ca77e7b9d0d1189,B,TRUE,label2,vegetable,critical,0,0,2,0,0,0,0,1,0,0,Subordinate
4348cce72900dc2b2ca77e7b9d0d1189,B,TRUE,label1,vehicle,critical,3,0,2,0,0,1,0,1,0,0,Subordinate
31ebe6fca345b3a95e764bc846d29d3d,C,TRUE,label1,animal,critical,0,0,2,0,0,0,0,1,0,0,Subordinate
31ebe6fca345b3a95e764bc846d29d3d,C,FALSE,label1,beast,critical,3,2,2,0,0,1,1,1,0,0,Basic
31ebe6fca345b3a95e764bc846d29d3d,C,TRUE,label2,electronics,critical,0,0,2,0,0,0,0,1,0,0,Subordinate
31ebe6fca345b3a95e764bc846d29d3d,C,FALSE,label2,fruit,critical,2,2,2,0,0,0.6666666666666666,1,1,0,0,Basic
31ebe6fca345b3a95e764bc846d29d3d,C,TRUE,label1,furniture,critical,2,0,2,0,0,0.6666666666666666,0,1,0,0,Subordinate
31ebe6fca345b3a95e764bc846d29d3d,C,FALSE,label1,light,critical,0,2,2,0,0,0,1,1,0,0,Basic
31ebe6fca345b3a95e764bc846d29d3d,C,TRUE,label2,vegetable,critical,0,0,2,0,0,0,0,1,0,0,Subordinate
31ebe6fca345b3a95e764bc846d29d3d,C,FALSE,label2,vehicle,critical,3,0,2,0,0,1,0,1,0,0,Subordinate
64d9d2cbedbcf520a583603d980cabf3,C,TRUE,label1,animal,critical,3,2,2,0,0,1,1,1,0,0,Basic
64d9d2cbedbcf520a583603d980cabf3,C,FALSE,label1,beast,critical,3,2,2,1,0,1,1,1,0.2,0,Other
64d9d2cbedbcf520a583603d980cabf3,C,TRUE,label2,electronics,critical,0,0,2,0,0,0,0,1,0,0,Subordinate
64d9d2cbedbcf520a583603d980cabf3,C,FALSE,label2,fruit,critical,0,0,2,0,0,0,0,1,0,0,Subordinate
64d9d2cbedbcf520a583603d980cabf3,C,TRUE,label1,furniture,critical,1,0,2,0,0,0.3333333333333333,0,1,0,0,Subordinate
64d9d2cbedbcf520a583603d980cabf3,C,FALSE,label1,light,critical,0,2,2,0,0,0,1,1,0,0,Basic
64d9d2cbedbcf520a583603d980cabf3,C,TRUE,label2,vegetable,critical,0,0,2,0,0,0,0,1,0,0,Subordinate
64d9d2cbedbcf520a583603d980cabf3,C,FALSE,label2,vehicle,critical,0,0,2,0,0,0,0,1,0,0,Subordinate
e7a4c3a83ae000865fca7410a1e6d143,B,FALSE,label2,animal,critical,0,0,2,0,0,0,0,1,0,0,Subordinate
e7a4c3a83ae000865fca7410a1e6d143,B,FALSE,label1,beast,critical,1,0,2,0,0,0.3333333333333333,0,1,0,0,Subordinate
e7a4c3a83ae000865fca7410a1e6d143,B,TRUE,label2,electronics,critical,0,0,2,0,0,0,0,1,0,0,Subordinate
e7a4c3a83ae000865fca7410a1e6d143,B,TRUE,label1,fruit,critical,0,0,2,0,0,0,0,1,0,0,Subordinate
e7a4c3a83ae000865fca7410a1e6d143,B,FALSE,label2,furniture,critical,0,0,2,0,0,0,0,1,0,0,Subordinate
e7a4c3a83ae000865fca7410a1e6d143,B,FALSE,label1,light,critical,0,0,2,0,0,0,0,1,0,0,Subordinate
e7a4c3a83ae000865fca7410a1e6d143,B,TRUE,label2,vegetable,critical,0,0,2,0,0,0,0,1,0,0,Subordinate
e7a4c3a83ae000865fca7410a1e6d143,B,TRUE,label1,vehicle,critical,0,0,2,0,0,0,0,1,0,0,Subordinate
d6b7e61eed811398581e6203ac8f4aa2,C,TRUE,label1,animal,critical,0,0,2,0,0,0,0,1,0,0,Subordinate
d6b7e61eed811398581e6203ac8f4aa2,C,FALSE,label1,beast,critical,0,0,2,0,0,0,0,1,0,0,Subordinate
d6b7e61eed811398581e6203ac8f4aa2,C,TRUE,label2,electronics,critical,0,0,2,0,0,0,0,1,0,0,Subordinate
d6b7e61eed811398581e6203ac8f4aa2,C,FALSE,label2,fruit,critical,0,0,2,0,0,0,0,1,0,0,Subordinate
d6b7e61eed811398581e6203ac8f4aa2,C,TRUE,label1,furniture,critical,0,0,2,0,0,0,0,1,0,0,Subordinate
d6b7e61eed811398581e6203ac8f4aa2,C,FALSE,label1,light,critical,0,0,2,0,0,0,0,1,0,0,Subordinate
d6b7e61eed811398581e6203ac8f4aa2,C,TRUE,label2,vegetable,critical,0,0,2,0,0,0,0,1,0,0,Subordinate
d6b7e61eed811398581e6203ac8f4aa2,C,FALSE,label2,vehicle,critical,0,0,2,0,0,0,0,1,0,0,Subordinate
71412327d9d7ed898047e2ba82223d41,C,TRUE,label1,animal,critical,0,0,2,0,0,0,0,1,0,0,Subordinate
71412327d9d7ed898047e2ba82223d41,C,FALSE,label1,beast,critical,3,2,2,0,0,1,1,1,0,0,Basic
71412327d9d7ed898047e2ba82223d41,C,TRUE,label2,electronics,critical,0,0,2,0,0,0,0,1,0,0,Subordinate
71412327d9d7ed898047e2ba82223d41,C,FALSE,label2,fruit,critical,2,2,2,0,0,0.6666666666666666,1,1,0,0,Basic
71412327d9d7ed898047e2ba82223d41,C,TRUE,label1,furniture,critical,0,2,0,0,0,0,1,0,0,0,Other
71412327d9d7ed898047e2ba82223d41,C,FALSE,label1,light,critical,0,0,2,0,0,0,0,1,0,0,Subordinate
71412327d9d7ed898047e2ba82223d41,C,TRUE,label2,vegetable,critical,0,0,2,0,0,0,0,1,0,0,Subordinate
71412327d9d7ed898047e2ba82223d41,C,FALSE,label2,vehicle,critical,0,0,2,0,0,0,0,1,0,0,Subordinate
0698d1de3cdd2859b4924b57da69a2b9,C,TRUE,label1,animal,critical,0,0,2,0,0,0,0,1,0,0,Subordinate
0698d1de3cdd2859b4924b57da69a2b9,C,FALSE,label1,beast,critical,3,2,2,1,0,1,1,1,0.2,0,Other
0698d1de3cdd2859b4924b57da69a2b9,C,TRUE,label2,electronics,critical,0,0,2,0,0,0,0,1,0,0,Subordinate
0698d1de3cdd2859b4924b57da69a2b9,C,FALSE,label2,fruit,critical,2,2,2,0,0,0.6666666666666666,1,1,0,0,Basic
0698d1de3cdd2859b4924b57da69a2b9,C,TRUE,label1,furniture,critical,0,0,2,0,0,0,0,1,0,0,Subordinate
0698d1de3cdd2859b4924b57da69a2b9,C,FALSE,label1,light,critical,1,2,2,0,0,0.3333333333333333,1,1,0,0,Basic
0698d1de3cdd2859b4924b57da69a2b9,C,TRUE,label2,vegetable,critical,2,0,1,0,0,0.6666666666666666,0,0.5,0,0,Other
0698d1de3cdd2859b4924b57da69a2b9,C,FALSE,label2,vehicle,critical,3,2,2,0,0,1,1,1,0,0,Basic
bd87c392a0fb133f477c7a52e717dbe2,B,FALSE,label2,animal,critical,3,2,2,1,0,1,1,1,0.2,0,Other
bd87c392a0fb133f477c7a52e717dbe2,B,FALSE,label1,beast,critical,3,1,2,1,0,1,0.5,1,0.2,0,Other
bd87c392a0fb133f477c7a52e717dbe2,B,TRUE,label2,electronics,critical,0,0,2,0,0,0,0,1,0,0,Subordinate
bd87c392a0fb133f477c7a52e717dbe2,B,TRUE,label1,fruit,critical,0,0,2,0,0,0,0,1,0,0,Subordinate
bd87c392a0fb133f477c7a52e717dbe2,B,FALSE,label2,furniture,critical,0,0,2,0,0,0,0,1,0,0,Subordinate
bd87c392a0fb133f477c7a52e717dbe2,B,FALSE,label1,light,critical,0,0,2,0,0,0,0,1,0,0,Subordinate
bd87c392a0fb133f477c7a52e717dbe2,B,TRUE,label2,vegetable,critical,0,0,2,0,0,0,0,1,0,0,Subordinate
bd87c392a0fb133f477c7a52e717dbe2,B,TRUE,label1,vehicle,critical,1,0,2,0,0,0.3333333333333333,0,1,0,0,Subordinate
d211433184e9dad4691d1ee0332b8f30,A,TRUE,label1,animal,critical,0,0,2,0,0,0,0,1,0,0,Subordinate
d211433184e9dad4691d1ee0332b8f30,A,TRUE,label2,beast,critical,0,0,2,0,0,0,0,1,0,0,Subordinate
d211433184e9dad4691d1ee0332b8f30,A,FALSE,label1,electronics,critical,0,0,2,0,0,0,0,1,0,0,Subordinate
d211433184e9dad4691d1ee0332b8f30,A,FALSE,label2,fruit,critical,0,0,2,0,0,0,0,1,0,0,Subordinate
d211433184e9dad4691d1ee0332b8f30,A,TRUE,label1,furniture,critical,0,0,2,0,0,0,0,1,0,0,Subordinate
d211433184e9dad4691d1ee0332b8f30,A,TRUE,label2,light,critical,0,0,2,0,0,0,0,1,0,0,Subordinate
d211433184e9dad4691d1ee0332b8f30,A,FALSE,label1,vegetable,critical,0,0,1,0,0,0,0,0.5,0,0,Other
d211433184e9dad4691d1ee0332b8f30,A,FALSE,label2,vehicle,critical,0,0,2,0,0,0,0,1,0,0,Subordinate
0d5351e5f135cfa981a0af6a07c6e4a3,B,FALSE,label2,animal,critical,3,2,2,0,0,1,1,1,0,0,Basic
0d5351e5f135cfa981a0af6a07c6e4a3,B,FALSE,label1,beast,critical,3,2,2,0,0,1,1,1,0,0,Basic
0d5351e5f135cfa981a0af6a07c6e4a3,B,TRUE,label2,electronics,critical,0,0,2,0,0,0,0,1,0,0,Subordinate
0d5351e5f135cfa981a0af6a07c6e4a3,B,TRUE,label1,fruit,critical,0,0,2,0,0,0,0,1,0,0,Subordinate
0d5351e5f135cfa981a0af6a07c6e4a3,B,FALSE,label2,furniture,critical,0,0,2,0,0,0,0,1,0,0,Subordinate
0d5351e5f135cfa981a0af6a07c6e4a3,B,FALSE,label1,light,critical,0,2,2,1,0,0,1,1,0.2,0,Other
0d5351e5f135cfa981a0af6a07c6e4a3,B,TRUE,label2,vegetable,critical,0,0,2,0,0,0,0,1,0,0,Subordinate
0d5351e5f135cfa981a0af6a07c6e4a3,B,TRUE,label1,vehicle,critical,0,0,1,0,0,0,0,0.5,0,0,Other
d9eca2312aab831a0b4373ff19697323,C,TRUE,label1,animal,critical,0,0,2,0,0,0,0,1,0,0,Subordinate
d9eca2312aab831a0b4373ff19697323,C,FALSE,label1,beast,critical,0,0,2,0,0,0,0,1,0,0,Subordinate
d9eca2312aab831a0b4373ff19697323,C,TRUE,label2,electronics,critical,0,0,2,0,0,0,0,1,0,0,Subordinate
d9eca2312aab831a0b4373ff19697323,C,FALSE,label2,fruit,critical,0,0,2,0,0,0,0,1,0,0,Subordinate
d9eca2312aab831a0b4373ff19697323,C,TRUE,label1,furniture,critical,0,0,2,0,0,0,0,1,0,0,Subordinate
d9eca2312aab831a0b4373ff19697323,C,FALSE,label1,light,critical,0,2,2,0,0,0,1,1,0,0,Basic
d9eca2312aab831a0b4373ff19697323,C,TRUE,label2,vegetable,critical,0,0,2,0,0,0,0,1,0,0,Subordinate
d9eca2312aab831a0b4373ff19697323,C,FALSE,label2,vehicle,critical,0,0,2,0,0,0,0,1,0,0,Subordinate
3427d8ece710ef88f0a5258cab366306,G,FALSE,label1,animal,critical,3,2,2,0,0,1,1,1,0,0,Basic
3427d8ece710ef88f0a5258cab366306,G,TRUE,label1,beast,critical,2,0,2,0,0,0.6666666666666666,0,1,0,0,Subordinate
3427d8ece710ef88f0a5258cab366306,G,FALSE,label2,electronics,critical,3,2,2,0,0,1,1,1,0,0,Basic
3427d8ece710ef88f0a5258cab366306,G,TRUE,label2,fruit,critical,1,0,2,0,0,0.3333333333333333,0,1,0,0,Subordinate
3427d8ece710ef88f0a5258cab366306,G,FALSE,label1,furniture,critical,3,2,2,0,0,1,1,1,0,0,Basic
3427d8ece710ef88f0a5258cab366306,G,TRUE,label1,light,critical,0,2,1,0,0,0,1,0.5,0,0,Other
3427d8ece710ef88f0a5258cab366306,G,FALSE,label2,vegetable,critical,3,2,2,0,0,1,1,1,0,0,Basic
3427d8ece710ef88f0a5258cab366306,G,TRUE,label2,vehicle,critical,2,0,2,0,0,0.6666666666666666,0,1,0,0,Subordinate
8275959a0f51e12167efb856ac5d025c,H,TRUE,label2,animal,critical,0,0,2,0,0,0,0,1,0,0,Subordinate
8275959a0f51e12167efb856ac5d025c,H,FALSE,label2,beast,critical,0,0,2,0,0,0,0,1,0,0,Subordinate
8275959a0f51e12167efb856ac5d025c,H,TRUE,label1,electronics,critical,0,0,2,0,0,0,0,1,0,0,Subordinate
8275959a0f51e12167efb856ac5d025c,H,FALSE,label1,fruit,critical,0,0,2,0,0,0,0,1,0,0,Subordinate
8275959a0f51e12167efb856ac5d025c,H,TRUE,label2,furniture,critical,0,0,2,0,0,0,0,1,0,0,Subordinate
8275959a0f51e12167efb856ac5d025c,H,FALSE,label2,light,critical,0,0,2,0,0,0,0,1,0,0,Subordinate
8275959a0f51e12167efb856ac5d025c,H,TRUE,label1,vegetable,critical,0,0,2,0,0,0,0,1,0,0,Subordinate
8275959a0f51e12167efb856ac5d025c,H,FALSE,label1,vehicle,critical,0,0,2,0,0,0,0,1,0,0,Subordinate
aefe450835fc411a1cb23c29c95af8e7,E,FALSE,label1,animal,critical,0,0,2,0,0,0,0,1,0,0,Subordinate
aefe450835fc411a1cb23c29c95af8e7,E,FALSE,label2,beast,critical,0,0,2,0,0,0,0,1,0,0,Subordinate
aefe450835fc411a1cb23c29c95af8e7,E,TRUE,label1,electronics,critical,0,0,2,0,0,0,0,1,0,0,Subordinate
aefe450835fc411a1cb23c29c95af8e7,E,TRUE,label2,fruit,critical,0,0,2,0,0,0,0,1,0,0,Subordinate
aefe450835fc411a1cb23c29c95af8e7,E,FALSE,label1,furniture,critical,0,0,2,0,0,0,0,1,0,0,Subordinate
aefe450835fc411a1cb23c29c95af8e7,E,FALSE,label2,light,critical,0,2,0,0,0,0,1,0,0,0,Other
aefe450835fc411a1cb23c29c95af8e7,E,TRUE,label1,vegetable,critical,0,0,2,0,0,0,0,1,0,0,Subordinate
aefe450835fc411a1cb23c29c95af8e7,E,TRUE,label2,vehicle,critical,0,0,2,0,0,0,0,1,0,0,Subordinate
ae0aca7ffb5558b89414c577410f9ece,H,TRUE,label2,animal,critical,0,0,2,0,0,0,0,1,0,0,Subordinate
ae0aca7ffb5558b89414c577410f9ece,H,FALSE,label2,beast,critical,2,0,2,0,0,0.6666666666666666,0,1,0,0,Subordinate
ae0aca7ffb5558b89414c577410f9ece,H,TRUE,label1,electronics,critical,0,0,2,0,0,0,0,1,0,0,Subordinate
ae0aca7ffb5558b89414c577410f9ece,H,FALSE,label1,fruit,critical,0,0,2,0,0,0,0,1,0,0,Subordinate
ae0aca7ffb5558b89414c577410f9ece,H,TRUE,label2,furniture,critical,0,0,2,0,0,0,0,1,0,0,Subordinate
ae0aca7ffb5558b89414c577410f9ece,H,FALSE,label2,light,critical,0,0,2,0,0,0,0,1,0,0,Subordinate
ae0aca7ffb5558b89414c577410f9ece,H,TRUE,label1,vegetable,critical,0,0,2,0,0,0,0,1,0,0,Subordinate
ae0aca7ffb5558b89414c577410f9ece,H,FALSE,label1,vehicle,critical,0,0,2,0,0,0,0,1,0,0,Subordinate
8ae08f8aa9f137da718f6480bc4d5583,E,FALSE,label1,animal,critical,3,2,2,0,0,1,1,1,0,0,Basic
8ae08f8aa9f137da718f6480bc4d5583,E,FALSE,label2,beast,critical,2,2,2,0,0,0.6666666666666666,1,1,0,0,Basic
8ae08f8aa9f137da718f6480bc4d5583,E,TRUE,label1,electronics,critical,0,0,2,0,0,0,0,1,0,0,Subordinate
8ae08f8aa9f137da718f6480bc4d5583,E,TRUE,label2,fruit,critical,0,0,2,0,0,0,0,1,0,0,Subordinate
8ae08f8aa9f137da718f6480bc4d5583,E,FALSE,label1,furniture,critical,0,0,2,0,0,0,0,1,0,0,Subordinate
8ae08f8aa9f137da718f6480bc4d5583,E,FALSE,label2,light,critical,0,0,2,0,0,0,0,1,0,0,Subordinate
8ae08f8aa9f137da718f6480bc4d5583,E,TRUE,label1,vegetable,critical,0,0,2,0,0,0,0,1,0,0,Subordinate
8ae08f8aa9f137da718f6480bc4d5583,E,TRUE,label2,vehicle,critical,0,0,2,0,0,0,0,1,0,0,Subordinate
360168676e9d90ee6e7a67175901d9aa,E,FALSE,label1,animal,critical,3,2,2,0,0,1,1,1,0,0,Basic
360168676e9d90ee6e7a67175901d9aa,E,FALSE,label2,beast,critical,2,2,2,1,0,0.6666666666666666,1,1,0.2,0,Other
360168676e9d90ee6e7a67175901d9aa,E,TRUE,label1,electronics,critical,0,0,2,0,0,0,0,1,0,0,Subordinate
360168676e9d90ee6e7a67175901d9aa,E,TRUE,label2,fruit,critical,0,0,2,0,0,0,0,1,0,0,Subordinate
360168676e9d90ee6e7a67175901d9aa,E,FALSE,label1,furniture,critical,1,2,2,0,0,0.3333333333333333,1,1,0,0,Basic
360168676e9d90ee6e7a67175901d9aa,E,FALSE,label2,light,critical,0,2,2,0,0,0,1,1,0,0,Basic
360168676e9d90ee6e7a67175901d9aa,E,TRUE,label1,vegetable,critical,0,0,2,0,0,0,0,1,0,0,Subordinate
360168676e9d90ee6e7a67175901d9aa,E,TRUE,label2,vehicle,critical,0,0,2,0,0,0,0,1,0,0,Subordinate
e5726ec4398754f71a5b7da7bce66bd3,F,TRUE,label2,animal,critical,0,0,2,0,0,0,0,1,0,0,Subordinate
e5726ec4398754f71a5b7da7bce66bd3,F,TRUE,label1,beast,critical,0,0,2,0,0,0,0,1,0,0,Subordinate
e5726ec4398754f71a5b7da7bce66bd3,F,FALSE,label2,electronics,critical,0,0,2,0,0,0,0,1,0,0,Subordinate
e5726ec4398754f71a5b7da7bce66bd3,F,FALSE,label1,fruit,critical,0,0,2,0,0,0,0,1,0,0,Subordinate
e5726ec4398754f71a5b7da7bce66bd3,F,TRUE,label2,furniture,critical,0,0,1,0,0,0,0,0.5,0,0,Other
e5726ec4398754f71a5b7da7bce66bd3,F,TRUE,label1,light,critical,0,0,2,0,0,0,0,1,0,0,Subordinate
e5726ec4398754f71a5b7da7bce66bd3,F,FALSE,label2,vegetable,critical,0,0,2,0,0,0,0,1,0,0,Subordinate
e5726ec4398754f71a5b7da7bce66bd3,F,FALSE,label1,vehicle,critical,0,2,0,0,0,0,1,0,0,0,Other
d2e0035f55b192d34d1f89cb81ef4d99,G,FALSE,label1,animal,critical,3,2,2,0,0,1,1,1,0,0,Basic
d2e0035f55b192d34d1f89cb81ef4d99,G,TRUE,label1,beast,critical,0,0,2,0,0,0,0,1,0,0,Subordinate
d2e0035f55b192d34d1f89cb81ef4d99,G,FALSE,label2,electronics,critical,0,0,2,0,0,0,0,1,0,0,Subordinate
d2e0035f55b192d34d1f89cb81ef4d99,G,TRUE,label2,fruit,critical,0,0,2,0,0,0,0,1,0,0,Subordinate
d2e0035f55b192d34d1f89cb81ef4d99,G,FALSE,label1,furniture,critical,0,0,2,0,0,0,0,1,0,0,Subordinate
d2e0035f55b192d34d1f89cb81ef4d99,G,TRUE,label1,light,critical,0,0,2,0,0,0,0,1,0,0,Subordinate
d2e0035f55b192d34d1f89cb81ef4d99,G,FALSE,label2,vegetable,critical,0,0,2,0,0,0,0,1,0,0,Subordinate
d2e0035f55b192d34d1f89cb81ef4d99,G,TRUE,label2,vehicle,critical,0,0,2,0,0,0,0,1,0,0,Subordinate
05712a51d7cf22b1bd6af62ad2d69119,H,TRUE,label2,animal,critical,0,0,2,0,0,0,0,1,0,0,Subordinate
05712a51d7cf22b1bd6af62ad2d69119,H,FALSE,label2,beast,critical,0,0,2,0,0,0,0,1,0,0,Subordinate
05712a51d7cf22b1bd6af62ad2d69119,H,TRUE,label1,electronics,critical,0,0,2,0,0,0,0,1,0,0,Subordinate
05712a51d7cf22b1bd6af62ad2d69119,H,FALSE,label1,fruit,critical,0,0,2,0,0,0,0,1,0,0,Subordinate
05712a51d7cf22b1bd6af62ad2d69119,H,TRUE,label2,furniture,critical,0,0,2,0,0,0,0,1,0,0,Subordinate
05712a51d7cf22b1bd6af62ad2d69119,H,FALSE,label2,light,critical,0,0,2,0,0,0,0,1,0,0,Subordinate
05712a51d7cf22b1bd6af62ad2d69119,H,TRUE,label1,vegetable,critical,0,0,2,0,0,0,0,1,0,0,Subordinate
05712a51d7cf22b1bd6af62ad2d69119,H,FALSE,label1,vehicle,critical,0,0,2,0,0,0,0,1,0,0,Subordinate
0be858ed177882faa8fb7cb6fc1a81a5,F,TRUE,label2,animal,critical,0,0,2,0,0,0,0,1,0,0,Subordinate
0be858ed177882faa8fb7cb6fc1a81a5,F,TRUE,label1,beast,critical,0,0,2,0,0,0,0,1,0,0,Subordinate
0be858ed177882faa8fb7cb6fc1a81a5,F,FALSE,label2,electronics,critical,0,0,1,0,0,0,0,0.5,0,0,Other
0be858ed177882faa8fb7cb6fc1a81a5,F,FALSE,label1,fruit,critical,0,0,2,0,0,0,0,1,0,0,Subordinate
0be858ed177882faa8fb7cb6fc1a81a5,F,TRUE,label2,furniture,critical,0,0,2,0,0,0,0,1,0,0,Subordinate
0be858ed177882faa8fb7cb6fc1a81a5,F,TRUE,label1,light,critical,0,0,2,0,0,0,0,1,0,0,Subordinate
0be858ed177882faa8fb7cb6fc1a81a5,F,FALSE,label2,vegetable,critical,0,0,2,0,0,0,0,1,0,0,Subordinate
0be858ed177882faa8fb7cb6fc1a81a5,F,FALSE,label1,vehicle,critical,0,0,2,0,0,0,0,1,0,0,Subordinate
f9c55b9777903190a3af32b318f5a471,H,TRUE,label2,animal,critical,0,0,2,0,0,0,0,1,0,0,Subordinate
f9c55b9777903190a3af32b318f5a471,H,FALSE,label2,beast,critical,2,0,2,0,0,0.6666666666666666,0,1,0,0,Subordinate
f9c55b9777903190a3af32b318f5a471,H,TRUE,label1,electronics,critical,0,0,2,0,0,0,0,1,0,0,Subordinate
f9c55b9777903190a3af32b318f5a471,H,FALSE,label1,fruit,critical,0,0,2,0,0,0,0,1,0,0,Subordinate
f9c55b9777903190a3af32b318f5a471,H,TRUE,label2,furniture,critical,1,0,2,0,0,0.3333333333333333,0,1,0,0,Subordinate
f9c55b9777903190a3af32b318f5a471,H,FALSE,label2,light,critical,0,0,2,0,0,0,0,1,0,0,Subordinate
f9c55b9777903190a3af32b318f5a471,H,TRUE,label1,vegetable,critical,0,0,2,0,0,0,0,1,0,0,Subordinate
f9c55b9777903190a3af32b318f5a471,H,FALSE,label1,vehicle,critical,0,0,2,0,0,0,0,1,0,0,Subordinate
1f2f877cd77900b000b356bdb12a6ca4,G,FALSE,label1,animal,critical,3,2,2,0,0,1,1,1,0,0,Basic
1f2f877cd77900b000b356bdb12a6ca4,G,TRUE,label1,beast,critical,2,0,2,0,0,0.6666666666666666,0,1,0,0,Subordinate
1f2f877cd77900b000b356bdb12a6ca4,G,FALSE,label2,electronics,critical,0,2,2,0,0,0,1,1,0,0,Basic
1f2f877cd77900b000b356bdb12a6ca4,G,TRUE,label2,fruit,critical,1,0,2,0,0,0.3333333333333333,0,1,0,0,Subordinate
1f2f877cd77900b000b356bdb12a6ca4,G,FALSE,label1,furniture,critical,0,1,2,0,0,0,0.5,1,0,0,Other
1f2f877cd77900b000b356bdb12a6ca4,G,TRUE,label1,light,critical,0,0,2,0,0,0,0,1,0,0,Subordinate
1f2f877cd77900b000b356bdb12a6ca4,G,FALSE,label2,vegetable,critical,3,2,2,0,0,1,1,1,0,0,Basic
1f2f877cd77900b000b356bdb12a6ca4,G,TRUE,label2,vehicle,critical,0,0,2,0,0,0,0,1,0,0,Subordinate
bc908d4d5dfc15b80e461fa3066f789e,H,TRUE,label2,animal,critical,0,0,2,0,0,0,0,1,0,0,Subordinate
bc908d4d5dfc15b80e461fa3066f789e,H,FALSE,label2,beast,critical,0,0,2,0,0,0,0,1,0,0,Subordinate
bc908d4d5dfc15b80e461fa3066f789e,H,TRUE,label1,electronics,critical,0,0,2,0,0,0,0,1,0,0,Subordinate
bc908d4d5dfc15b80e461fa3066f789e,H,FALSE,label1,fruit,critical,0,0,2,0,0,0,0,1,0,0,Subordinate
bc908d4d5dfc15b80e461fa3066f789e,H,TRUE,label2,furniture,critical,0,0,2,0,0,0,0,1,0,0,Subordinate
bc908d4d5dfc15b80e461fa3066f789e,H,FALSE,label2,light,critical,0,0,2,0,0,0,0,1,0,0,Subordinate
bc908d4d5dfc15b80e461fa3066f789e,H,TRUE,label1,vegetable,critical,0,0,2,0,0,0,0,1,0,0,Subordinate
bc908d4d5dfc15b80e461fa3066f789e,H,FALSE,label1,vehicle,critical,0,0,2,0,0,0,0,1,0,0,Subordinate
a099b8eb4c9927254e29d8ea2996f4ff,G,FALSE,label1,animal,critical,0,0,2,0,0,0,0,1,0,0,Subordinate
a099b8eb4c9927254e29d8ea2996f4ff,G,TRUE,label1,beast,critical,0,0,2,0,0,0,0,1,0,0,Subordinate
a099b8eb4c9927254e29d8ea2996f4ff,G,FALSE,label2,electronics,critical,0,0,2,0,0,0,0,1,0,0,Subordinate
a099b8eb4c9927254e29d8ea2996f4ff,G,TRUE,label2,fruit,critical,0,0,2,0,0,0,0,1,0,0,Subordinate
a099b8eb4c9927254e29d8ea2996f4ff,G,FALSE,label1,furniture,critical,0,0,2,0,0,0,0,1,0,0,Subordinate
a099b8eb4c9927254e29d8ea2996f4ff,G,TRUE,label1,light,critical,0,0,2,0,0,0,0,1,0,0,Subordinate
a099b8eb4c9927254e29d8ea2996f4ff,G,FALSE,label2,vegetable,critical,0,0,2,0,0,0,0,1,0,0,Subordinate
a099b8eb4c9927254e29d8ea2996f4ff,G,TRUE,label2,vehicle,critical,0,0,2,0,0,0,0,1,0,0,Subordinate
9beab92c8b0ef32be4fe782b33d7eb27,H,TRUE,label2,animal,critical,0,2,0,0,0,0,1,0,0,0,Other
9beab92c8b0ef32be4fe782b33d7eb27,H,FALSE,label2,beast,critical,0,0,2,0,0,0,0,1,0,0,Subordinate
9beab92c8b0ef32be4fe782b33d7eb27,H,TRUE,label1,electronics,critical,0,0,2,0,0,0,0,1,0,0,Subordinate
9beab92c8b0ef32be4fe782b33d7eb27,H,FALSE,label1,fruit,critical,0,0,2,0,0,0,0,1,0,0,Subordinate
9beab92c8b0ef32be4fe782b33d7eb27,H,TRUE,label2,furniture,critical,0,2,0,0,0,0,1,0,0,0,Other
9beab92c8b0ef32be4fe782b33d7eb27,H,FALSE,label2,light,critical,0,0,2,0,0,0,0,1,0,0,Subordinate
9beab92c8b0ef32be4fe782b33d7eb27,H,TRUE,label1,vegetable,critical,0,2,0,0,0,0,1,0,0,0,Other
9beab92c8b0ef32be4fe782b33d7eb27,H,FALSE,label1,vehicle,critical,0,0,2,0,0,0,0,1,0,0,Subordinate
fdc5160f269d4a7ba2a0d90e21caaefe,E,FALSE,label1,animal,critical,3,2,2,0,0,1,1,1,0,0,Basic
fdc5160f269d4a7ba2a0d90e21caaefe,E,FALSE,label2,beast,critical,3,2,2,1,0,1,1,1,0.2,0,Other
fdc5160f269d4a7ba2a0d90e21caaefe,E,TRUE,label1,electronics,critical,0,0,2,0,0,0,0,1,0,0,Subordinate
fdc5160f269d4a7ba2a0d90e21caaefe,E,TRUE,label2,fruit,critical,0,0,2,0,0,0,0,1,0,0,Subordinate
fdc5160f269d4a7ba2a0d90e21caaefe,E,FALSE,label1,furniture,critical,3,2,2,0,0,1,1,1,0,0,Basic
fdc5160f269d4a7ba2a0d90e21caaefe,E,FALSE,label2,light,critical,0,2,2,0,0,0,1,1,0,0,Basic
fdc5160f269d4a7ba2a0d90e21caaefe,E,TRUE,label1,vegetable,critical,0,0,2,0,0,0,0,1,0,0,Subordinate
fdc5160f269d4a7ba2a0d90e21caaefe,E,TRUE,label2,vehicle,critical,0,0,2,0,0,0,0,1,0,0,Subordinate
41d255fe42a71c7954b419eaadc62887,E,FALSE,label1,animal,critical,0,0,2,0,0,0,0,1,0,0,Subordinate
41d255fe42a71c7954b419eaadc62887,E,FALSE,label2,beast,critical,0,0,2,0,0,0,0,1,0,0,Subordinate
41d255fe42a71c7954b419eaadc62887,E,TRUE,label1,electronics,critical,0,0,2,0,0,0,0,1,0,0,Subordinate
41d255fe42a71c7954b419eaadc62887,E,TRUE,label2,fruit,critical,0,0,2,0,0,0,0,1,0,0,Subordinate
41d255fe42a71c7954b419eaadc62887,E,FALSE,label1,furniture,critical,0,0,2,0,0,0,0,1,0,0,Subordinate
41d255fe42a71c7954b419eaadc62887,E,FALSE,label2,light,critical,0,0,2,0,0,0,0,1,0,0,Subordinate
41d255fe42a71c7954b419eaadc62887,E,TRUE,label1,vegetable,critical,0,0,2,0,0,0,0,1,0,0,Subordinate
41d255fe42a71c7954b419eaadc62887,E,TRUE,label2,vehicle,critical,2,0,2,0,0,0.6666666666666666,0,1,0,0,Subordinate
87af21b8322fc904a40e0760bd1c3ff6,E,FALSE,label1,animal,critical,3,2,2,0,0,1,1,1,0,0,Basic
87af21b8322fc904a40e0760bd1c3ff6,E,FALSE,label2,beast,critical,3,2,2,1,0,1,1,1,0.2,0,Other
87af21b8322fc904a40e0760bd1c3ff6,E,TRUE,label1,electronics,critical,0,0,2,0,0,0,0,1,0,0,Subordinate
87af21b8322fc904a40e0760bd1c3ff6,E,TRUE,label2,fruit,critical,0,0,2,0,0,0,0,1,0,0,Subordinate
87af21b8322fc904a40e0760bd1c3ff6,E,FALSE,label1,furniture,critical,0,0,2,0,0,0,0,1,0,0,Subordinate
87af21b8322fc904a40e0760bd1c3ff6,E,FALSE,label2,light,critical,3,2,2,2,0,1,1,1,0.4,0,Other
87af21b8322fc904a40e0760bd1c3ff6,E,TRUE,label1,vegetable,critical,0,0,2,0,0,0,0,1,0,0,Subordinate
87af21b8322fc904a40e0760bd1c3ff6,E,TRUE,label2,vehicle,critical,0,0,2,0,0,0,0,1,0,0,Subordinate
022a3ac9641807af9a6f916f65958699,F,TRUE,label2,animal,critical,0,0,2,0,0,0,0,1,0,0,Subordinate
022a3ac9641807af9a6f916f65958699,F,TRUE,label1,beast,critical,0,0,2,0,0,0,0,1,0,0,Subordinate
022a3ac9641807af9a6f916f65958699,F,FALSE,label2,electronics,critical,0,0,1,0,0,0,0,0.5,0,0,Other
022a3ac9641807af9a6f916f65958699,F,FALSE,label1,fruit,critical,0,0,2,0,0,0,0,1,0,0,Subordinate
022a3ac9641807af9a6f916f65958699,F,TRUE,label2,furniture,critical,0,0,2,0,0,0,0,1,0,0,Subordinate
022a3ac9641807af9a6f916f65958699,F,TRUE,label1,light,critical,0,0,2,0,0,0,0,1,0,0,Subordinate
022a3ac9641807af9a6f916f65958699,F,FALSE,label2,vegetable,critical,0,0,1,0,0,0,0,0.5,0,0,Other
022a3ac9641807af9a6f916f65958699,F,FALSE,label1,vehicle,critical,0,0,1,0,0,0,0,0.5,0,0,Other
fb2d574c383b9730511b746b45b3a900,F,TRUE,label2,animal,critical,0,0,2,0,0,0,0,1,0,0,Subordinate
fb2d574c383b9730511b746b45b3a900,F,TRUE,label1,beast,critical,0,0,2,0,0,0,0,1,0,0,Subordinate
fb2d574c383b9730511b746b45b3a900,F,FALSE,label2,electronics,critical,0,0,2,0,0,0,0,1,0,0,Subordinate
fb2d574c383b9730511b746b45b3a900,F,FALSE,label1,fruit,critical,0,0,2,0,0,0,0,1,0,0,Subordinate
fb2d574c383b9730511b746b45b3a900,F,TRUE,label2,furniture,critical,0,0,2,0,0,0,0,1,0,0,Subordinate
fb2d574c383b9730511b746b45b3a900,F,TRUE,label1,light,critical,0,0,2,0,0,0,0,1,0,0,Subordinate
fb2d574c383b9730511b746b45b3a900,F,FALSE,label2,vegetable,critical,0,0,2,0,0,0,0,1,0,0,Subordinate
fb2d574c383b9730511b746b45b3a900,F,FALSE,label1,vehicle,critical,0,0,2,0,0,0,0,1,0,0,Subordinate
3cef8c2d1c9143ce8ee3b70af3cb67df,F,TRUE,label2,animal,critical,0,0,2,0,0,0,0,1,0,0,Subordinate
3cef8c2d1c9143ce8ee3b70af3cb67df,F,TRUE,label1,beast,critical,0,0,2,0,0,0,0,1,0,0,Subordinate
3cef8c2d1c9143ce8ee3b70af3cb67df,F,FALSE,label2,electronics,critical,0,2,1,0,0,0,1,0.5,0,0,Other
3cef8c2d1c9143ce8ee3b70af3cb67df,F,FALSE,label1,fruit,critical,0,0,2,0,0,0,0,1,0,0,Subordinate
3cef8c2d1c9143ce8ee3b70af3cb67df,F,TRUE,label2,furniture,critical,0,0,2,0,0,0,0,1,0,0,Subordinate
3cef8c2d1c9143ce8ee3b70af3cb67df,F,TRUE,label1,light,critical,0,2,0,0,0,0,1,0,0,0,Other
3cef8c2d1c9143ce8ee3b70af3cb67df,F,FALSE,label2,vegetable,critical,0,0,2,0,0,0,0,1,0,0,Subordinate
3cef8c2d1c9143ce8ee3b70af3cb67df,F,FALSE,label1,vehicle,critical,0,0,2,0,0,0,0,1,0,0,Subordinate
d4163efac390970b656c56565ada2f24,E,FALSE,label1,animal,critical,3,1,2,0,0,1,0.5,1,0,0,Other
d4163efac390970b656c56565ada2f24,E,FALSE,label2,beast,critical,3,2,2,0,0,1,1,1,0,0,Basic
d4163efac390970b656c56565ada2f24,E,TRUE,label1,electronics,critical,0,0,2,0,0,0,0,1,0,0,Subordinate
d4163efac390970b656c56565ada2f24,E,TRUE,label2,fruit,critical,0,0,2,0,0,0,0,1,0,0,Subordinate
d4163efac390970b656c56565ada2f24,E,FALSE,label1,furniture,critical,3,2,2,0,0,1,1,1,0,0,Basic
d4163efac390970b656c56565ada2f24,E,FALSE,label2,light,critical,0,2,2,0,0,0,1,1,0,0,Basic
d4163efac390970b656c56565ada2f24,E,TRUE,label1,vegetable,critical,0,0,1,0,0,0,0,0.5,0,0,Other
d4163efac390970b656c56565ada2f24,E,TRUE,label2,vehicle,critical,0,0,2,0,0,0,0,1,0,0,Subordinate
212f0c72df465e17ebe066a3bfcc6390,G,FALSE,label1,animal,critical,3,2,2,0,0,1,1,1,0,0,Basic
212f0c72df465e17ebe066a3bfcc6390,G,TRUE,label1,beast,critical,0,0,2,0,0,0,0,1,0,0,Subordinate
212f0c72df465e17ebe066a3bfcc6390,G,FALSE,label2,electronics,critical,0,0,2,0,0,0,0,1,0,0,Subordinate
212f0c72df465e17ebe066a3bfcc6390,G,TRUE,label2,fruit,critical,0,0,2,0,0,0,0,1,0,0,Subordinate
212f0c72df465e17ebe066a3bfcc6390,G,FALSE,label1,furniture,critical,0,0,2,0,0,0,0,1,0,0,Subordinate
212f0c72df465e17ebe066a3bfcc6390,G,TRUE,label1,light,critical,0,0,2,0,0,0,0,1,0,0,Subordinate
212f0c72df465e17ebe066a3bfcc6390,G,FALSE,label2,vegetable,critical,0,0,2,0,0,0,0,1,0,0,Subordinate
212f0c72df465e17ebe066a3bfcc6390,G,TRUE,label2,vehicle,critical,0,0,2,0,0,0,0,1,0,0,Subordinate
a505c394936855d43b31dc7b5181929a,E,FALSE,label1,animal,critical,3,2,2,0,0,1,1,1,0,0,Basic
a505c394936855d43b31dc7b5181929a,E,FALSE,label2,beast,critical,3,2,2,1,0,1,1,1,0.2,0,Other
a505c394936855d43b31dc7b5181929a,E,TRUE,label1,electronics,critical,0,0,2,0,0,0,0,1,0,0,Subordinate
a505c394936855d43b31dc7b5181929a,E,TRUE,label2,fruit,critical,0,0,2,0,0,0,0,1,0,0,Subordinate
a505c394936855d43b31dc7b5181929a,E,FALSE,label1,furniture,critical,3,2,2,0,0,1,1,1,0,0,Basic
a505c394936855d43b31dc7b5181929a,E,FALSE,label2,light,critical,3,2,2,3,0,1,1,1,0.6,0,Other
a505c394936855d43b31dc7b5181929a,E,TRUE,label1,vegetable,critical,0,0,2,0,0,0,0,1,0,0,Subordinate
a505c394936855d43b31dc7b5181929a,E,TRUE,label2,vehicle,critical,3,0,2,0,0,1,0,1,0,0,Subordinate
c197310806f322fa022dc5d3335f090f,G,FALSE,label1,animal,critical,3,2,2,0,0,1,1,1,0,0,Basic
c197310806f322fa022dc5d3335f090f,G,TRUE,label1,beast,critical,0,0,2,0,0,0,0,1,0,0,Subordinate
c197310806f322fa022dc5d3335f090f,G,FALSE,label2,electronics,critical,0,2,2,0,0,0,1,1,0,0,Basic
c197310806f322fa022dc5d3335f090f,G,TRUE,label2,fruit,critical,0,0,1,0,0,0,0,0.5,0,0,Other
c197310806f322fa022dc5d3335f090f,G,FALSE,label1,furniture,critical,2,2,2,0,0,0.6666666666666666,1,1,0,0,Basic
c197310806f322fa022dc5d3335f090f,G,TRUE,label1,light,critical,0,0,2,0,0,0,0,1,0,0,Subordinate
c197310806f322fa022dc5d3335f090f,G,FALSE,label2,vegetable,critical,0,0,2,0,0,0,0,1,0,0,Subordinate
c197310806f322fa022dc5d3335f090f,G,TRUE,label2,vehicle,critical,0,0,2,0,0,0,0,1,0,0,Subordinate
c424674759b70bff5b3bc73ed775e948,F,TRUE,label2,animal,critical,0,0,2,0,0,0,0,1,0,0,Subordinate
c424674759b70bff5b3bc73ed775e948,F,TRUE,label1,beast,critical,0,0,2,0,0,0,0,1,0,0,Subordinate
c424674759b70bff5b3bc73ed775e948,F,FALSE,label2,electronics,critical,0,2,2,0,0,0,1,1,0,0,Basic
c424674759b70bff5b3bc73ed775e948,F,FALSE,label1,fruit,critical,2,2,2,0,0,0.6666666666666666,1,1,0,0,Basic
c424674759b70bff5b3bc73ed775e948,F,TRUE,label2,furniture,critical,1,0,2,0,0,0.3333333333333333,0,1,0,0,Subordinate
c424674759b70bff5b3bc73ed775e948,F,TRUE,label1,light,critical,0,0,2,0,0,0,0,1,0,0,Subordinate
c424674759b70bff5b3bc73ed775e948,F,FALSE,label2,vegetable,critical,3,2,2,0,0,1,1,1,0,0,Basic
c424674759b70bff5b3bc73ed775e948,F,FALSE,label1,vehicle,critical,2,0,2,0,0,0.6666666666666666,0,1,0,0,Subordinate
fc5ef54d54fcee881dbec21878c7d184,F,TRUE,label2,animal,critical,0,0,2,0,0,0,0,1,0,0,Subordinate
fc5ef54d54fcee881dbec21878c7d184,F,TRUE,label1,beast,critical,0,0,2,0,0,0,0,1,0,0,Subordinate
fc5ef54d54fcee881dbec21878c7d184,F,FALSE,label2,electronics,critical,0,0,2,0,0,0,0,1,0,0,Subordinate
fc5ef54d54fcee881dbec21878c7d184,F,FALSE,label1,fruit,critical,1,0,2,0,0,0.3333333333333333,0,1,0,0,Subordinate
fc5ef54d54fcee881dbec21878c7d184,F,TRUE,label2,furniture,critical,0,0,2,0,0,0,0,1,0,0,Subordinate
fc5ef54d54fcee881dbec21878c7d184,F,TRUE,label1,light,critical,0,0,2,0,0,0,0,1,0,0,Subordinate
fc5ef54d54fcee881dbec21878c7d184,F,FALSE,label2,vegetable,critical,0,0,1,0,0,0,0,0.5,0,0,Other
fc5ef54d54fcee881dbec21878c7d184,F,FALSE,label1,vehicle,critical,0,0,1,0,0,0,0,0.5,0,0,Other
beee1477bac05d15080aaac7ac9d5419,H,TRUE,label2,animal,critical,0,0,1,0,0,0,0,0.5,0,0,Other
beee1477bac05d15080aaac7ac9d5419,H,FALSE,label2,beast,critical,0,0,1,0,0,0,0,0.5,0,0,Other
beee1477bac05d15080aaac7ac9d5419,H,TRUE,label1,electronics,critical,0,0,1,0,0,0,0,0.5,0,0,Other
beee1477bac05d15080aaac7ac9d5419,H,FALSE,label1,fruit,critical,0,0,2,0,0,0,0,1,0,0,Subordinate
beee1477bac05d15080aaac7ac9d5419,H,TRUE,label2,furniture,critical,0,0,2,0,0,0,0,1,0,0,Subordinate
beee1477bac05d15080aaac7ac9d5419,H,FALSE,label2,light,critical,0,0,2,0,0,0,0,1,0,0,Subordinate
beee1477bac05d15080aaac7ac9d5419,H,TRUE,label1,vegetable,critical,0,0,2,0,0,0,0,1,0,0,Subordinate
beee1477bac05d15080aaac7ac9d5419,H,FALSE,label1,vehicle,critical,0,0,2,0,0,0,0,1,0,0,Subordinate
276a2b689865ecc5e38e7287b609a9b4,E,FALSE,label1,animal,critical,3,2,2,0,0,1,1,1,0,0,Basic
276a2b689865ecc5e38e7287b609a9b4,E,FALSE,label2,beast,critical,3,2,2,1,0,1,1,1,0.2,0,Other
276a2b689865ecc5e38e7287b609a9b4,E,TRUE,label1,electronics,critical,0,0,2,0,0,0,0,1,0,0,Subordinate
276a2b689865ecc5e38e7287b609a9b4,E,TRUE,label2,fruit,critical,0,0,2,0,0,0,0,1,0,0,Subordinate
276a2b689865ecc5e38e7287b609a9b4,E,FALSE,label1,furniture,critical,3,2,2,0,0,1,1,1,0,0,Basic
276a2b689865ecc5e38e7287b609a9b4,E,FALSE,label2,light,critical,0,2,2,0,0,0,1,1,0,0,Basic
276a2b689865ecc5e38e7287b609a9b4,E,TRUE,label1,vegetable,critical,0,0,2,0,0,0,0,1,0,0,Subordinate
276a2b689865ecc5e38e7287b609a9b4,E,TRUE,label2,vehicle,critical,3,0,2,0,0,1,0,1,0,0,Subordinate
02aa5b49294c8ee8a00714b191078179,F,TRUE,label2,animal,critical,0,0,2,0,0,0,0,1,0,0,Subordinate
02aa5b49294c8ee8a00714b191078179,F,TRUE,label1,beast,critical,0,0,2,0,0,0,0,1,0,0,Subordinate
02aa5b49294c8ee8a00714b191078179,F,FALSE,label2,electronics,critical,0,0,2,0,0,0,0,1,0,0,Subordinate
02aa5b49294c8ee8a00714b191078179,F,FALSE,label1,fruit,critical,0,0,2,0,0,0,0,1,0,0,Subordinate
02aa5b49294c8ee8a00714b191078179,F,TRUE,label2,furniture,critical,0,0,2,0,0,0,0,1,0,0,Subordinate
02aa5b49294c8ee8a00714b191078179,F,TRUE,label1,light,critical,0,0,2,0,0,0,0,1,0,0,Subordinate
02aa5b49294c8ee8a00714b191078179,F,FALSE,label2,vegetable,critical,0,0,2,0,0,0,0,1,0,0,Subordinate
02aa5b49294c8ee8a00714b191078179,F,FALSE,label1,vehicle,critical,0,0,2,0,0,0,0,1,0,0,Subordinate
831e181ae058c487ae16418a2b8d1dd9,F,TRUE,label2,animal,critical,0,0,2,0,0,0,0,1,0,0,Subordinate
831e181ae058c487ae16418a2b8d1dd9,F,TRUE,label1,beast,critical,0,0,2,0,0,0,0,1,0,0,Subordinate
831e181ae058c487ae16418a2b8d1dd9,F,FALSE,label2,electronics,critical,0,0,2,0,0,0,0,1,0,0,Subordinate
831e181ae058c487ae16418a2b8d1dd9,F,FALSE,label1,fruit,critical,2,2,2,0,0,0.6666666666666666,1,1,0,0,Basic
831e181ae058c487ae16418a2b8d1dd9,F,TRUE,label2,furniture,critical,0,2,0,0,0,0,1,0,0,0,Other
831e181ae058c487ae16418a2b8d1dd9,F,TRUE,label1,light,critical,0,0,2,0,0,0,0,1,0,0,Subordinate
831e181ae058c487ae16418a2b8d1dd9,F,FALSE,label2,vegetable,critical,0,0,2,0,0,0,0,1,0,0,Subordinate
831e181ae058c487ae16418a2b8d1dd9,F,FALSE,label1,vehicle,critical,0,0,2,0,0,0,0,1,0,0,Subordinate
0f997abc4740e6447353b47d1aa36aae,F,TRUE,label2,animal,critical,0,0,2,0,0,0,0,1,0,0,Subordinate
0f997abc4740e6447353b47d1aa36aae,F,TRUE,label1,beast,critical,0,0,2,0,0,0,0,1,0,0,Subordinate
0f997abc4740e6447353b47d1aa36aae,F,FALSE,label2,electronics,critical,0,0,2,0,0,0,0,1,0,0,Subordinate
0f997abc4740e6447353b47d1aa36aae,F,FALSE,label1,fruit,critical,0,0,2,0,0,0,0,1,0,0,Subordinate
0f997abc4740e6447353b47d1aa36aae,F,TRUE,label2,furniture,critical,1,0,2,0,0,0.3333333333333333,0,1,0,0,Subordinate
0f997abc4740e6447353b47d1aa36aae,F,TRUE,label1,light,critical,0,0,2,0,0,0,0,1,0,0,Subordinate
0f997abc4740e6447353b47d1aa36aae,F,FALSE,label2,vegetable,critical,0,0,2,0,0,0,0,1,0,0,Subordinate
0f997abc4740e6447353b47d1aa36aae,F,FALSE,label1,vehicle,critical,3,0,2,0,0,1,0,1,0,0,Subordinate
46d02a2f57441c7c97aaf2f6fa16550c,G,FALSE,label1,animal,critical,3,2,2,0,0,1,1,1,0,0,Basic
46d02a2f57441c7c97aaf2f6fa16550c,G,TRUE,label1,beast,critical,2,0,2,0,0,0.6666666666666666,0,1,0,0,Subordinate
46d02a2f57441c7c97aaf2f6fa16550c,G,FALSE,label2,electronics,critical,0,2,2,0,0,0,1,1,0,0,Basic
46d02a2f57441c7c97aaf2f6fa16550c,G,TRUE,label2,fruit,critical,0,0,2,0,0,0,0,1,0,0,Subordinate
46d02a2f57441c7c97aaf2f6fa16550c,G,FALSE,label1,furniture,critical,3,2,2,0,0,1,1,1,0,0,Basic
46d02a2f57441c7c97aaf2f6fa16550c,G,TRUE,label1,light,critical,0,0,2,0,0,0,0,1,0,0,Subordinate
46d02a2f57441c7c97aaf2f6fa16550c,G,FALSE,label2,vegetable,critical,0,0,2,0,0,0,0,1,0,0,Subordinate
46d02a2f57441c7c97aaf2f6fa16550c,G,TRUE,label2,vehicle,critical,0,0,2,0,0,0,0,1,0,0,Subordinate
630de6cbb02512404ef2f0d43396b025,G,FALSE,label1,animal,critical,3,2,2,0,0,1,1,1,0,0,Basic
630de6cbb02512404ef2f0d43396b025,G,TRUE,label1,beast,critical,0,0,2,0,0,0,0,1,0,0,Subordinate
630de6cbb02512404ef2f0d43396b025,G,FALSE,label2,electronics,critical,0,2,2,0,0,0,1,1,0,0,Basic
630de6cbb02512404ef2f0d43396b025,G,TRUE,label2,fruit,critical,0,2,0,0,0,0,1,0,0,0,Other
630de6cbb02512404ef2f0d43396b025,G,FALSE,label1,furniture,critical,0,0,2,0,0,0,0,1,0,0,Subordinate
630de6cbb02512404ef2f0d43396b025,G,TRUE,label1,light,critical,0,0,2,0,0,0,0,1,0,0,Subordinate
630de6cbb02512404ef2f0d43396b025,G,FALSE,label2,vegetable,critical,0,0,2,0,0,0,0,1,0,0,Subordinate
630de6cbb02512404ef2f0d43396b025,G,TRUE,label2,vehicle,critical,0,1,0,0,0,0,0.5,0,0,0,Other
aa3880fec305d5db5c49147827562722,H,TRUE,label2,animal,critical,0,0,2,0,0,0,0,1,0,0,Subordinate
aa3880fec305d5db5c49147827562722,H,FALSE,label2,beast,critical,0,0,1,0,0,0,0,0.5,0,0,Other
aa3880fec305d5db5c49147827562722,H,TRUE,label1,electronics,critical,0,0,2,0,0,0,0,1,0,0,Subordinate
aa3880fec305d5db5c49147827562722,H,FALSE,label1,fruit,critical,0,0,2,0,0,0,0,1,0,0,Subordinate
aa3880fec305d5db5c49147827562722,H,TRUE,label2,furniture,critical,0,0,2,0,0,0,0,1,0,0,Subordinate
aa3880fec305d5db5c49147827562722,H,FALSE,label2,light,critical,0,0,2,0,0,0,0,1,0,0,Subordinate
aa3880fec305d5db5c49147827562722,H,TRUE,label1,vegetable,critical,0,0,2,0,0,0,0,1,0,0,Subordinate
aa3880fec305d5db5c49147827562722,H,FALSE,label1,vehicle,critical,0,0,2,0,0,0,0,1,0,0,Subordinate
ace9e433a05b7bb8dc605e8853bd1cbd,H,TRUE,label2,animal,critical,0,0,2,0,0,0,0,1,0,0,Subordinate
ace9e433a05b7bb8dc605e8853bd1cbd,H,FALSE,label2,beast,critical,0,0,2,0,0,0,0,1,0,0,Subordinate
ace9e433a05b7bb8dc605e8853bd1cbd,H,TRUE,label1,electronics,critical,0,0,2,0,0,0,0,1,0,0,Subordinate
ace9e433a05b7bb8dc605e8853bd1cbd,H,FALSE,label1,fruit,critical,0,0,2,0,0,0,0,1,0,0,Subordinate
ace9e433a05b7bb8dc605e8853bd1cbd,H,TRUE,label2,furniture,critical,0,0,1,0,0,0,0,0.5,0,0,Other
ace9e433a05b7bb8dc605e8853bd1cbd,H,FALSE,label2,light,critical,0,0,2,0,0,0,0,1,0,0,Subordinate
ace9e433a05b7bb8dc605e8853bd1cbd,H,TRUE,label1,vegetable,critical,0,0,2,0,0,0,0,1,0,0,Subordinate
ace9e433a05b7bb8dc605e8853bd1cbd,H,FALSE,label1,vehicle,critical,0,0,2,0,0,0,0,1,0,0,Subordinate
dbe645e9da5c1e33a270e637d69133c3,E,FALSE,label1,animal,critical,0,0,2,0,0,0,0,1,0,0,Subordinate
dbe645e9da5c1e33a270e637d69133c3,E,FALSE,label2,beast,critical,0,0,2,0,0,0,0,1,0,0,Subordinate
dbe645e9da5c1e33a270e637d69133c3,E,TRUE,label1,electronics,critical,0,0,2,0,0,0,0,1,0,0,Subordinate
dbe645e9da5c1e33a270e637d69133c3,E,TRUE,label2,fruit,critical,0,0,2,0,0,0,0,1,0,0,Subordinate
dbe645e9da5c1e33a270e637d69133c3,E,FALSE,label1,furniture,critical,0,0,2,0,0,0,0,1,0,0,Subordinate
dbe645e9da5c1e33a270e637d69133c3,E,FALSE,label2,light,critical,0,0,2,0,0,0,0,1,0,0,Subordinate
dbe645e9da5c1e33a270e637d69133c3,E,TRUE,label1,vegetable,critical,0,0,1,0,0,0,0,0.5,0,0,Other
dbe645e9da5c1e33a270e637d69133c3,E,TRUE,label2,vehicle,critical,0,0,2,0,0,0,0,1,0,0,Subordinate
8af406bb4b59da4e7964204660ec8ac8,E,FALSE,label1,animal,critical,3,2,2,0,0,1,1,1,0,0,Basic
8af406bb4b59da4e7964204660ec8ac8,E,FALSE,label2,beast,critical,3,2,2,1,0,1,1,1,0.2,0,Other
8af406bb4b59da4e7964204660ec8ac8,E,TRUE,label1,electronics,critical,0,0,2,0,0,0,0,1,0,0,Subordinate
8af406bb4b59da4e7964204660ec8ac8,E,TRUE,label2,fruit,critical,0,0,2,0,0,0,0,1,0,0,Subordinate
8af406bb4b59da4e7964204660ec8ac8,E,FALSE,label1,furniture,critical,3,2,2,0,0,1,1,1,0,0,Basic
8af406bb4b59da4e7964204660ec8ac8,E,FALSE,label2,light,critical,3,2,2,3,0,1,1,1,0.6,0,Other
8af406bb4b59da4e7964204660ec8ac8,E,TRUE,label1,vegetable,critical,0,0,2,0,0,0,0,1,0,0,Subordinate
8af406bb4b59da4e7964204660ec8ac8,E,TRUE,label2,vehicle,critical,0,0,2,0,0,0,0,1,0,0,Subordinate
43cd1a5de37abb3c18e3403a237e2ff7,G,FALSE,label1,animal,critical,3,2,2,0,0,1,1,1,0,0,Basic
43cd1a5de37abb3c18e3403a237e2ff7,G,TRUE,label1,beast,critical,0,0,2,0,0,0,0,1,0,0,Subordinate
43cd1a5de37abb3c18e3403a237e2ff7,G,FALSE,label2,electronics,critical,0,0,2,0,0,0,0,1,0,0,Subordinate
43cd1a5de37abb3c18e3403a237e2ff7,G,TRUE,label2,fruit,critical,0,0,2,0,0,0,0,1,0,0,Subordinate
43cd1a5de37abb3c18e3403a237e2ff7,G,FALSE,label1,furniture,critical,0,0,2,0,0,0,0,1,0,0,Subordinate
43cd1a5de37abb3c18e3403a237e2ff7,G,TRUE,label1,light,critical,0,0,2,0,0,0,0,1,0,0,Subordinate
43cd1a5de37abb3c18e3403a237e2ff7,G,FALSE,label2,vegetable,critical,0,0,2,0,0,0,0,1,0,0,Subordinate
43cd1a5de37abb3c18e3403a237e2ff7,G,TRUE,label2,vehicle,critical,0,0,2,0,0,0,0,1,0,0,Subordinate
fb910e75d33e96eebd254e007346a08e,E,FALSE,label1,animal,critical,3,2,2,0,0,1,1,1,0,0,Basic
fb910e75d33e96eebd254e007346a08e,E,FALSE,label2,beast,critical,3,2,2,0,0,1,1,1,0,0,Basic
fb910e75d33e96eebd254e007346a08e,E,TRUE,label1,electronics,critical,0,0,2,0,0,0,0,1,0,0,Subordinate
fb910e75d33e96eebd254e007346a08e,E,TRUE,label2,fruit,critical,1,0,2,0,0,0.3333333333333333,0,1,0,0,Subordinate
fb910e75d33e96eebd254e007346a08e,E,FALSE,label1,furniture,critical,3,2,2,0,0,1,1,1,0,0,Basic
fb910e75d33e96eebd254e007346a08e,E,FALSE,label2,light,critical,0,2,2,0,0,0,1,1,0,0,Basic
fb910e75d33e96eebd254e007346a08e,E,TRUE,label1,vegetable,critical,0,0,2,0,0,0,0,1,0,0,Subordinate
fb910e75d33e96eebd254e007346a08e,E,TRUE,label2,vehicle,critical,2,0,2,0,0,0.6666666666666666,0,1,0,0,Subordinate
d8bff87638510d9c6f20de43107cd8a0,F,TRUE,label2,animal,critical,0,0,2,0,0,0,0,1,0,0,Subordinate
d8bff87638510d9c6f20de43107cd8a0,F,TRUE,label1,beast,critical,0,0,2,1,0,0,0,1,0.2,0,Other
d8bff87638510d9c6f20de43107cd8a0,F,FALSE,label2,electronics,critical,0,2,0,0,0,0,1,0,0,0,Other
d8bff87638510d9c6f20de43107cd8a0,F,FALSE,label1,fruit,critical,0,0,2,0,0,0,0,1,0,0,Subordinate
d8bff87638510d9c6f20de43107cd8a0,F,TRUE,label2,furniture,critical,0,1,0,0,0,0,0.5,0,0,0,Other
d8bff87638510d9c6f20de43107cd8a0,F,TRUE,label1,light,critical,0,2,2,0,0,0,1,1,0,0,Basic
d8bff87638510d9c6f20de43107cd8a0,F,FALSE,label2,vegetable,critical,0,0,2,0,0,0,0,1,0,0,Subordinate
d8bff87638510d9c6f20de43107cd8a0,F,FALSE,label1,vehicle,critical,0,0,1,0,1,0,0,0.5,0,0.125,Other
0eb2c2950e65dad3551e406b4b2cb608,F,TRUE,label2,animal,critical,0,0,2,0,0,0,0,1,0,0,Subordinate
0eb2c2950e65dad3551e406b4b2cb608,F,TRUE,label1,beast,critical,0,0,2,0,0,0,0,1,0,0,Subordinate
0eb2c2950e65dad3551e406b4b2cb608,F,FALSE,label2,electronics,critical,0,0,2,0,0,0,0,1,0,0,Subordinate
0eb2c2950e65dad3551e406b4b2cb608,F,FALSE,label1,fruit,critical,0,0,2,0,0,0,0,1,0,0,Subordinate
0eb2c2950e65dad3551e406b4b2cb608,F,TRUE,label2,furniture,critical,0,0,2,0,0,0,0,1,0,0,Subordinate
0eb2c2950e65dad3551e406b4b2cb608,F,TRUE,label1,light,critical,0,0,2,0,0,0,0,1,0,0,Subordinate
0eb2c2950e65dad3551e406b4b2cb608,F,FALSE,label2,vegetable,critical,0,0,2,0,0,0,0,1,0,0,Subordinate
0eb2c2950e65dad3551e406b4b2cb608,F,FALSE,label1,vehicle,critical,0,0,2,0,0,0,0,1,0,0,Subordinate
ec75c65e22729f34583b3b0d00ec4372,H,TRUE,label2,animal,critical,0,0,2,0,0,0,0,1,0,0,Subordinate
ec75c65e22729f34583b3b0d00ec4372,H,FALSE,label2,beast,critical,0,0,2,0,0,0,0,1,0,0,Subordinate
ec75c65e22729f34583b3b0d00ec4372,H,TRUE,label1,electronics,critical,0,0,2,0,0,0,0,1,0,0,Subordinate
ec75c65e22729f34583b3b0d00ec4372,H,FALSE,label1,fruit,critical,1,2,2,0,0,0.3333333333333333,1,1,0,0,Basic
ec75c65e22729f34583b3b0d00ec4372,H,TRUE,label2,furniture,critical,0,0,2,0,0,0,0,1,0,0,Subordinate
ec75c65e22729f34583b3b0d00ec4372,H,FALSE,label2,light,critical,0,0,2,0,0,0,0,1,0,0,Subordinate
ec75c65e22729f34583b3b0d00ec4372,H,TRUE,label1,vegetable,critical,0,0,2,0,0,0,0,1,0,0,Subordinate
ec75c65e22729f34583b3b0d00ec4372,H,FALSE,label1,vehicle,critical,0,0,2,0,0,0,0,1,0,0,Subordinate
0cf00dad477b07d30710a738ef1979eb,E,FALSE,label1,animal,critical,3,2,2,0,0,1,1,1,0,0,Basic
0cf00dad477b07d30710a738ef1979eb,E,FALSE,label2,beast,critical,3,2,2,1,0,1,1,1,0.2,0,Other
0cf00dad477b07d30710a738ef1979eb,E,TRUE,label1,electronics,critical,0,0,2,2,0,0,0,1,0.4,0,Other
0cf00dad477b07d30710a738ef1979eb,E,TRUE,label2,fruit,critical,0,0,2,0,0,0,0,1,0,0,Subordinate
0cf00dad477b07d30710a738ef1979eb,E,FALSE,label1,furniture,critical,0,0,2,0,0,0,0,1,0,0,Subordinate
0cf00dad477b07d30710a738ef1979eb,E,FALSE,label2,light,critical,0,2,2,0,0,0,1,1,0,0,Basic
0cf00dad477b07d30710a738ef1979eb,E,TRUE,label1,vegetable,critical,0,0,2,0,0,0,0,1,0,0,Subordinate
0cf00dad477b07d30710a738ef1979eb,E,TRUE,label2,vehicle,critical,0,0,2,0,0,0,0,1,0,0,Subordinate
